run_id,instance_id,problem_id,domain_name,split,model_id,representation,surface_status,val_valid,failure_type,plan_len,teacher_plan_len,length_ratio,executable_prefix_len,first_invalid_step,schema_valid_action_frac,val_seconds
pilot_miconic,miconic_heldout_0000_670488_standard,miconic_heldout_0000_670488,miconic,heldout,Qwen/Qwen3-1.7B,standard,parsed_actions,True,valid,3,3,1.0,3.0,,1.0,0.007818165933713317
pilot_miconic,miconic_heldout_0000_670488_anonymized,miconic_heldout_0000_670488,miconic,heldout,Qwen/Qwen3-1.7B,anonymized,parsed_actions,True,valid,3,3,1.0,3.0,,1.0,0.0029697499703615904
pilot_miconic,miconic_heldout_0000_670488_compact,miconic_heldout_0000_670488,miconic,heldout,Qwen/Qwen3-1.7B,compact,parsed_actions,True,valid,3,3,1.0,3.0,,1.0,0.0027114590629935265
pilot_miconic,miconic_heldout_0001_116740_standard,miconic_heldout_0001_116740,miconic,heldout,Qwen/Qwen3-1.7B,standard,parsed_actions,False,validator_crash,342,15,22.8,0.0,0.0,1.0,0.01089470786973834
pilot_miconic,miconic_heldout_0001_116740_anonymized,miconic_heldout_0001_116740,miconic,heldout,Qwen/Qwen3-1.7B,anonymized,parsed_actions,False,validator_crash,342,15,22.8,0.0,0.0,1.0,0.011128499871119857
pilot_miconic,miconic_heldout_0001_116740_compact,miconic_heldout_0001_116740,miconic,heldout,Qwen/Qwen3-1.7B,compact,parsed_actions,False,unknown_invalid,14,15,0.9333333333333333,0.0,0.0,1.0,0.00312604196369648
pilot_sokoban,sokoban_heldout_0000_670488_standard,sokoban_heldout_0000_670488,sokoban,heldout,Qwen/Qwen3-1.7B,standard,parsed_actions,False,unknown_invalid,148,15,9.866666666666667,0.0,0.0,1.0,0.0036745418328791857
pilot_miconic,miconic_heldout_0002_26226_standard,miconic_heldout_0002_26226,miconic,heldout,Qwen/Qwen3-1.7B,standard,parsed_actions,False,unknown_invalid,26,18,1.4444444444444444,0.0,0.0,1.0,0.00300491601228714
pilot_sokoban,sokoban_heldout_0000_670488_anonymized,sokoban_heldout_0000_670488,sokoban,heldout,Qwen/Qwen3-1.7B,anonymized,parsed_actions,False,unknown_invalid,157,15,10.466666666666667,0.0,0.0,1.0,0.0031737089157104492
pilot_miconic,miconic_heldout_0002_26226_anonymized,miconic_heldout_0002_26226,miconic,heldout,Qwen/Qwen3-1.7B,anonymized,parsed_actions,False,unknown_invalid,22,18,1.2222222222222223,0.0,0.0,1.0,0.002751957857981324
pilot_sokoban,sokoban_heldout_0000_670488_compact,sokoban_heldout_0000_670488,sokoban,heldout,Qwen/Qwen3-1.7B,compact,parsed_actions,False,unknown_invalid,158,15,10.533333333333333,0.0,0.0,1.0,0.003252374939620495
pilot_miconic,miconic_heldout_0002_26226_compact,miconic_heldout_0002_26226,miconic,heldout,Qwen/Qwen3-1.7B,compact,parsed_actions,False,unknown_invalid,22,18,1.2222222222222223,0.0,0.0,1.0,0.0030627918895334005
pilot_miconic,miconic_heldout_0003_777573_standard,miconic_heldout_0003_777573,miconic,heldout,Qwen/Qwen3-1.7B,standard,parsed_actions,False,unknown_invalid,6,6,1.0,0.0,0.0,1.0,0.003235999960452318
pilot_miconic,miconic_heldout_0003_777573_anonymized,miconic_heldout_0003_777573,miconic,heldout,Qwen/Qwen3-1.7B,anonymized,parsed_actions,False,unknown_invalid,6,6,1.0,0.0,0.0,1.0,0.0030542919412255287
pilot_miconic,miconic_heldout_0003_777573_compact,miconic_heldout_0003_777573,miconic,heldout,Qwen/Qwen3-1.7B,compact,parsed_actions,False,unknown_invalid,6,6,1.0,0.0,0.0,1.0,0.0029847919940948486
pilot_miconic,miconic_heldout_0004_288390_standard,miconic_heldout_0004_288390,miconic,heldout,Qwen/Qwen3-1.7B,standard,parsed_actions,False,unknown_invalid,7,8,0.875,0.0,0.0,1.0,0.0031541248317807913
pilot_miconic,miconic_heldout_0004_288390_anonymized,miconic_heldout_0004_288390,miconic,heldout,Qwen/Qwen3-1.7B,anonymized,parsed_actions,False,unknown_invalid,7,8,0.875,0.0,0.0,1.0,0.0029434580355882645
pilot_miconic,miconic_heldout_0004_288390_compact,miconic_heldout_0004_288390,miconic,heldout,Qwen/Qwen3-1.7B,compact,parsed_actions,False,unknown_invalid,7,8,0.875,0.0,0.0,1.0,0.0029373751021921635
pilot_miconic,miconic_heldout_0005_256788_standard,miconic_heldout_0005_256788,miconic,heldout,Qwen/Qwen3-1.7B,standard,parsed_actions,True,valid,3,3,1.0,3.0,,1.0,0.003015916096046567
pilot_miconic,miconic_heldout_0005_256788_anonymized,miconic_heldout_0005_256788,miconic,heldout,Qwen/Qwen3-1.7B,anonymized,parsed_actions,True,valid,3,3,1.0,3.0,,1.0,0.0034095831215381622
pilot_miconic,miconic_heldout_0005_256788_compact,miconic_heldout_0005_256788,miconic,heldout,Qwen/Qwen3-1.7B,compact,parsed_actions,True,valid,3,3,1.0,3.0,,1.0,0.0031640829984098673
pilot_miconic,miconic_heldout_0006_234054_standard,miconic_heldout_0006_234054,miconic,heldout,Qwen/Qwen3-1.7B,standard,parsed_actions,False,validator_crash,342,17,20.11764705882353,3.0,3.0,1.0,0.012128292117267847
pilot_miconic,miconic_heldout_0006_234054_anonymized,miconic_heldout_0006_234054,miconic,heldout,Qwen/Qwen3-1.7B,anonymized,parsed_actions,False,validator_crash,342,17,20.11764705882353,3.0,3.0,1.0,0.011250208830460906
pilot_miconic,miconic_heldout_0006_234054_compact,miconic_heldout_0006_234054,miconic,heldout,Qwen/Qwen3-1.7B,compact,parsed_actions,False,unknown_invalid,25,17,1.4705882352941178,1.0,1.0,1.0,0.0036534590180963278
pilot_miconic,miconic_heldout_0007_146317_standard,miconic_heldout_0007_146317,miconic,heldout,Qwen/Qwen3-1.7B,standard,parsed_actions,False,unknown_invalid,342,10,34.2,1.0,1.0,1.0,0.003654707921668887
pilot_miconic,miconic_heldout_0007_146317_anonymized,miconic_heldout_0007_146317,miconic,heldout,Qwen/Qwen3-1.7B,anonymized,parsed_actions,False,unknown_invalid,9,10,0.9,0.0,0.0,1.0,0.0032277500722557306
pilot_miconic,miconic_heldout_0007_146317_compact,miconic_heldout_0007_146317,miconic,heldout,Qwen/Qwen3-1.7B,compact,parsed_actions,False,unknown_invalid,18,10,1.8,1.0,1.0,1.0,0.003600291209295392
pilot_miconic,miconic_heldout_0008_772247_standard,miconic_heldout_0008_772247,miconic,heldout,Qwen/Qwen3-1.7B,standard,parsed_actions,False,unknown_invalid,9,6,1.5,0.0,0.0,1.0,0.003667667042464018
pilot_sokoban,sokoban_heldout_0001_116740_standard,sokoban_heldout_0001_116740,sokoban,heldout,Qwen/Qwen3-1.7B,standard,parsed_actions,False,unknown_invalid,158,35,4.514285714285714,1.0,1.0,1.0,0.0038014999590814114
pilot_miconic,miconic_heldout_0008_772247_anonymized,miconic_heldout_0008_772247,miconic,heldout,Qwen/Qwen3-1.7B,anonymized,parsed_actions,False,unknown_invalid,9,6,1.5,0.0,0.0,1.0,0.0040265831630676985
pilot_miconic,miconic_heldout_0008_772247_compact,miconic_heldout_0008_772247,miconic,heldout,Qwen/Qwen3-1.7B,compact,parsed_actions,False,unknown_invalid,9,6,1.5,0.0,0.0,1.0,0.0030930410139262676
pilot_sokoban,sokoban_heldout_0001_116740_anonymized,sokoban_heldout_0001_116740,sokoban,heldout,Qwen/Qwen3-1.7B,anonymized,parsed_actions,False,unknown_invalid,157,35,4.485714285714286,1.0,1.0,1.0,0.0034816251136362553
pilot_miconic,miconic_heldout_0009_107474_standard,miconic_heldout_0009_107474,miconic,heldout,Qwen/Qwen3-1.7B,standard,parsed_actions,False,unknown_invalid,13,9,1.4444444444444444,2.0,2.0,1.0,0.0030001250561326742
pilot_sokoban,sokoban_heldout_0001_116740_compact,sokoban_heldout_0001_116740,sokoban,heldout,Qwen/Qwen3-1.7B,compact,parsed_actions,False,unknown_invalid,158,35,4.514285714285714,0.0,0.0,1.0,0.003177542006596923
pilot_miconic,miconic_heldout_0009_107474_anonymized,miconic_heldout_0009_107474,miconic,heldout,Qwen/Qwen3-1.7B,anonymized,parsed_actions,False,unknown_invalid,9,9,1.0,8.0,8.0,1.0,0.0028135001193732023
pilot_miconic,miconic_heldout_0009_107474_compact,miconic_heldout_0009_107474,miconic,heldout,Qwen/Qwen3-1.7B,compact,parsed_actions,False,unknown_invalid,9,9,1.0,8.0,8.0,1.0,0.002937166951596737
pilot_miconic,miconic_heldout_0010_709571_standard,miconic_heldout_0010_709571,miconic,heldout,Qwen/Qwen3-1.7B,standard,parsed_actions,False,unknown_invalid,8,5,1.6,2.0,2.0,1.0,0.0030724999960511923
pilot_miconic,miconic_heldout_0010_709571_anonymized,miconic_heldout_0010_709571,miconic,heldout,Qwen/Qwen3-1.7B,anonymized,parsed_actions,False,unknown_invalid,6,5,1.2,3.0,3.0,1.0,0.0028665829449892044
pilot_miconic,miconic_heldout_0010_709571_compact,miconic_heldout_0010_709571,miconic,heldout,Qwen/Qwen3-1.7B,compact,parsed_actions,False,unknown_invalid,6,5,1.2,3.0,3.0,1.0,0.0028926250524818897
pilot_miconic,miconic_heldout_0011_776647_standard,miconic_heldout_0011_776647,miconic,heldout,Qwen/Qwen3-1.7B,standard,parsed_actions,False,unknown_invalid,3,4,0.75,0.0,0.0,1.0,0.002912958152592182
pilot_miconic,miconic_heldout_0011_776647_anonymized,miconic_heldout_0011_776647,miconic,heldout,Qwen/Qwen3-1.7B,anonymized,parsed_actions,False,unknown_invalid,3,4,0.75,0.0,0.0,1.0,0.0028954590670764446
pilot_miconic,miconic_heldout_0011_776647_compact,miconic_heldout_0011_776647,miconic,heldout,Qwen/Qwen3-1.7B,compact,parsed_actions,False,unknown_invalid,3,4,0.75,0.0,0.0,1.0,0.002934749936684966
pilot_sokoban,sokoban_heldout_0002_26226_standard,sokoban_heldout_0002_26226,sokoban,heldout,Qwen/Qwen3-1.7B,standard,parsed_actions,False,unknown_invalid,158,120,1.3166666666666667,0.0,0.0,1.0,0.0036833330523222685
pilot_miconic,miconic_heldout_0012_935519_standard,miconic_heldout_0012_935519,miconic,heldout,Qwen/Qwen3-1.7B,standard,parsed_actions,False,unknown_invalid,12,17,0.7058823529411765,0.0,0.0,1.0,0.0033405418507754803
pilot_sokoban,sokoban_heldout_0002_26226_anonymized,sokoban_heldout_0002_26226,sokoban,heldout,Qwen/Qwen3-1.7B,anonymized,parsed_actions,False,unknown_invalid,157,120,1.3083333333333333,0.0,0.0,1.0,0.003427708987146616
pilot_miconic,miconic_heldout_0012_935519_anonymized,miconic_heldout_0012_935519,miconic,heldout,Qwen/Qwen3-1.7B,anonymized,parsed_actions,False,unknown_invalid,12,17,0.7058823529411765,0.0,0.0,1.0,0.00319675006903708
pilot_miconic,miconic_heldout_0012_935519_compact,miconic_heldout_0012_935519,miconic,heldout,Qwen/Qwen3-1.7B,compact,parsed_actions,False,unknown_invalid,17,17,1.0,1.0,1.0,1.0,0.0031034580897539854
pilot_miconic,miconic_heldout_0013_571859_standard,miconic_heldout_0013_571859,miconic,heldout,Qwen/Qwen3-1.7B,standard,parsed_actions,False,unknown_invalid,6,6,1.0,0.0,0.0,1.0,0.0029899580404162407
pilot_miconic,miconic_heldout_0013_571859_anonymized,miconic_heldout_0013_571859,miconic,heldout,Qwen/Qwen3-1.7B,anonymized,parsed_actions,False,unknown_invalid,6,6,1.0,0.0,0.0,1.0,0.002911499934270978
pilot_miconic,miconic_heldout_0013_571859_compact,miconic_heldout_0013_571859,miconic,heldout,Qwen/Qwen3-1.7B,compact,parsed_actions,False,unknown_invalid,6,6,1.0,0.0,0.0,1.0,0.002612167038023472
pilot_miconic,miconic_heldout_0014_91162_standard,miconic_heldout_0014_91162,miconic,heldout,Qwen/Qwen3-1.7B,standard,parsed_actions,False,unknown_invalid,7,6,1.1666666666666667,4.0,4.0,1.0,0.0030428750906139612
pilot_miconic,miconic_heldout_0014_91162_anonymized,miconic_heldout_0014_91162,miconic,heldout,Qwen/Qwen3-1.7B,anonymized,parsed_actions,False,unknown_invalid,7,6,1.1666666666666667,4.0,4.0,1.0,0.0027473329100757837
pilot_miconic,miconic_heldout_0014_91162_compact,miconic_heldout_0014_91162,miconic,heldout,Qwen/Qwen3-1.7B,compact,parsed_actions,False,unknown_invalid,7,6,1.1666666666666667,4.0,4.0,1.0,0.0028615419287234545
pilot_sokoban,sokoban_heldout_0002_26226_compact,sokoban_heldout_0002_26226,sokoban,heldout,Qwen/Qwen3-1.7B,compact,parsed_actions,False,unknown_invalid,158,120,1.3166666666666667,0.0,0.0,1.0,0.0033050840720534325
pilot_miconic,miconic_heldout_0015_619177_standard,miconic_heldout_0015_619177,miconic,heldout,Qwen/Qwen3-1.7B,standard,parsed_actions,False,unknown_invalid,17,17,1.0,0.0,0.0,1.0,0.003167166141793132
pilot_sokoban,sokoban_heldout_0003_777573_standard,sokoban_heldout_0003_777573,sokoban,heldout,Qwen/Qwen3-1.7B,standard,parsed_actions,False,unknown_invalid,156,32,4.875,0.0,0.0,1.0,0.0036227500531822443
pilot_miconic,miconic_heldout_0015_619177_anonymized,miconic_heldout_0015_619177,miconic,heldout,Qwen/Qwen3-1.7B,anonymized,parsed_actions,False,unknown_invalid,17,17,1.0,0.0,0.0,1.0,0.003077165922150016
pilot_sokoban,sokoban_heldout_0003_777573_anonymized,sokoban_heldout_0003_777573,sokoban,heldout,Qwen/Qwen3-1.7B,anonymized,parsed_actions,False,unknown_invalid,158,32,4.9375,0.0,0.0,1.0,0.003350249957293272
pilot_miconic,miconic_heldout_0015_619177_compact,miconic_heldout_0015_619177,miconic,heldout,Qwen/Qwen3-1.7B,compact,parsed_actions,False,unknown_invalid,16,17,0.9411764705882353,0.0,0.0,1.0,0.00295895803719759
pilot_miconic,miconic_heldout_0016_442418_standard,miconic_heldout_0016_442418,miconic,heldout,Qwen/Qwen3-1.7B,standard,parsed_actions,False,unknown_invalid,15,14,1.0714285714285714,0.0,0.0,1.0,0.0029779579490423203
pilot_miconic,miconic_heldout_0016_442418_anonymized,miconic_heldout_0016_442418,miconic,heldout,Qwen/Qwen3-1.7B,anonymized,parsed_actions,False,unknown_invalid,15,14,1.0714285714285714,0.0,0.0,1.0,0.0028457920998334885
pilot_miconic,miconic_heldout_0016_442418_compact,miconic_heldout_0016_442418,miconic,heldout,Qwen/Qwen3-1.7B,compact,parsed_actions,False,unknown_invalid,27,14,1.9285714285714286,2.0,2.0,1.0,0.0029452089220285416
pilot_sokoban,sokoban_heldout_0003_777573_compact,sokoban_heldout_0003_777573,sokoban,heldout,Qwen/Qwen3-1.7B,compact,parsed_actions,False,unknown_invalid,158,32,4.9375,0.0,0.0,1.0,0.0033380831591784954
pilot_miconic,miconic_heldout_0017_33327_standard,miconic_heldout_0017_33327,miconic,heldout,Qwen/Qwen3-1.7B,standard,parsed_actions,False,unknown_invalid,13,10,1.3,1.0,1.0,1.0,0.002961832797154784
pilot_miconic,miconic_heldout_0017_33327_anonymized,miconic_heldout_0017_33327,miconic,heldout,Qwen/Qwen3-1.7B,anonymized,parsed_actions,False,unknown_invalid,41,10,4.1,2.0,2.0,1.0,0.0030574591364711523
pilot_miconic,miconic_heldout_0017_33327_compact,miconic_heldout_0017_33327,miconic,heldout,Qwen/Qwen3-1.7B,compact,parsed_actions,False,unknown_invalid,15,10,1.5,2.0,2.0,1.0,0.0029106249567121267
pilot_miconic,miconic_heldout_0018_31245_standard,miconic_heldout_0018_31245,miconic,heldout,Qwen/Qwen3-1.7B,standard,parsed_actions,False,unknown_invalid,3,5,0.6,0.0,0.0,1.0,0.0030888330657035112
pilot_miconic,miconic_heldout_0018_31245_anonymized,miconic_heldout_0018_31245,miconic,heldout,Qwen/Qwen3-1.7B,anonymized,parsed_actions,False,unknown_invalid,3,5,0.6,0.0,0.0,1.0,0.002936790930107236
pilot_miconic,miconic_heldout_0018_31245_compact,miconic_heldout_0018_31245,miconic,heldout,Qwen/Qwen3-1.7B,compact,parsed_actions,False,unknown_invalid,3,5,0.6,0.0,0.0,1.0,0.002746666083112359
pilot_miconic,miconic_heldout_0019_98247_standard,miconic_heldout_0019_98247,miconic,heldout,Qwen/Qwen3-1.7B,standard,parsed_actions,False,unknown_invalid,8,5,1.6,2.0,2.0,1.0,0.0035808749962598085
pilot_miconic,miconic_heldout_0019_98247_anonymized,miconic_heldout_0019_98247,miconic,heldout,Qwen/Qwen3-1.7B,anonymized,parsed_actions,False,unknown_invalid,6,5,1.2,3.0,3.0,1.0,0.003055708948522806
pilot_miconic,miconic_heldout_0019_98247_compact,miconic_heldout_0019_98247,miconic,heldout,Qwen/Qwen3-1.7B,compact,parsed_actions,False,unknown_invalid,6,5,1.2,3.0,3.0,1.0,0.0031580841168761253
pilot_miconic,miconic_heldout_0020_229259_standard,miconic_heldout_0020_229259,miconic,heldout,Qwen/Qwen3-1.7B,standard,parsed_actions,False,unknown_invalid,7,6,1.1666666666666667,0.0,0.0,1.0,0.0029201670549809933
pilot_miconic,miconic_heldout_0020_229259_anonymized,miconic_heldout_0020_229259,miconic,heldout,Qwen/Qwen3-1.7B,anonymized,parsed_actions,False,unknown_invalid,8,6,1.3333333333333333,0.0,0.0,1.0,0.0026954161003232002
pilot_miconic,miconic_heldout_0020_229259_compact,miconic_heldout_0020_229259,miconic,heldout,Qwen/Qwen3-1.7B,compact,parsed_actions,False,unknown_invalid,7,6,1.1666666666666667,0.0,0.0,1.0,0.0027976660057902336
pilot_sokoban,sokoban_heldout_0004_288390_standard,sokoban_heldout_0004_288390,sokoban,heldout,Qwen/Qwen3-1.7B,standard,parsed_actions,False,unknown_invalid,158,64,2.46875,0.0,0.0,1.0,0.0034547499381005764
pilot_miconic,miconic_heldout_0021_243963_standard,miconic_heldout_0021_243963,miconic,heldout,Qwen/Qwen3-1.7B,standard,parsed_actions,False,unknown_invalid,14,14,1.0,0.0,0.0,1.0,0.003278332995250821
pilot_sokoban,sokoban_heldout_0004_288390_anonymized,sokoban_heldout_0004_288390,sokoban,heldout,Qwen/Qwen3-1.7B,anonymized,parsed_actions,False,unknown_invalid,158,64,2.46875,0.0,0.0,1.0,0.0032659159041941166
pilot_miconic,miconic_heldout_0021_243963_anonymized,miconic_heldout_0021_243963,miconic,heldout,Qwen/Qwen3-1.7B,anonymized,parsed_actions,False,validator_crash,342,14,24.428571428571427,0.0,0.0,1.0,0.010735000018030405
pilot_sokoban,sokoban_heldout_0004_288390_compact,sokoban_heldout_0004_288390,sokoban,heldout,Qwen/Qwen3-1.7B,compact,parsed_actions,False,unknown_invalid,157,64,2.453125,0.0,0.0,1.0,0.0035900829825550318
pilot_miconic,miconic_heldout_0021_243963_compact,miconic_heldout_0021_243963,miconic,heldout,Qwen/Qwen3-1.7B,compact,parsed_actions,False,unknown_invalid,13,14,0.9285714285714286,0.0,0.0,1.0,0.002837124979123473
pilot_miconic,miconic_heldout_0022_529904_standard,miconic_heldout_0022_529904,miconic,heldout,Qwen/Qwen3-1.7B,standard,parsed_actions,False,unknown_invalid,12,14,0.8571428571428571,0.0,0.0,1.0,0.002948999870568514
pilot_miconic,miconic_heldout_0022_529904_anonymized,miconic_heldout_0022_529904,miconic,heldout,Qwen/Qwen3-1.7B,anonymized,parsed_actions,False,unknown_invalid,35,14,2.5,0.0,0.0,1.0,0.003497124882414937
pilot_miconic,miconic_heldout_0022_529904_compact,miconic_heldout_0022_529904,miconic,heldout,Qwen/Qwen3-1.7B,compact,parsed_actions,False,unknown_invalid,12,14,0.8571428571428571,0.0,0.0,1.0,0.0029385420493781567
pilot_miconic,miconic_heldout_0023_631263_standard,miconic_heldout_0023_631263,miconic,heldout,Qwen/Qwen3-1.7B,standard,parsed_actions,True,valid,3,3,1.0,3.0,,1.0,0.002921666018664837
pilot_miconic,miconic_heldout_0023_631263_anonymized,miconic_heldout_0023_631263,miconic,heldout,Qwen/Qwen3-1.7B,anonymized,parsed_actions,True,valid,3,3,1.0,3.0,,1.0,0.0029947920702397823
pilot_miconic,miconic_heldout_0023_631263_compact,miconic_heldout_0023_631263,miconic,heldout,Qwen/Qwen3-1.7B,compact,parsed_actions,True,valid,3,3,1.0,3.0,,1.0,0.002822458976879716
pilot_miconic,miconic_heldout_0024_27825_standard,miconic_heldout_0024_27825,miconic,heldout,Qwen/Qwen3-1.7B,standard,parsed_actions,False,unknown_invalid,11,11,1.0,0.0,0.0,1.0,0.0031172498129308224
pilot_miconic,miconic_heldout_0024_27825_anonymized,miconic_heldout_0024_27825,miconic,heldout,Qwen/Qwen3-1.7B,anonymized,parsed_actions,False,unknown_invalid,11,11,1.0,0.0,0.0,1.0,0.0031318331602960825
pilot_miconic,miconic_heldout_0024_27825_compact,miconic_heldout_0024_27825,miconic,heldout,Qwen/Qwen3-1.7B,compact,parsed_actions,False,unknown_invalid,11,11,1.0,0.0,0.0,1.0,0.0028845409397035837
pilot_sokoban,sokoban_heldout_0005_256788_standard,sokoban_heldout_0005_256788,sokoban,heldout,Qwen/Qwen3-1.7B,standard,parsed_actions,False,unknown_invalid,158,13,12.153846153846153,1.0,1.0,1.0,0.003981041023507714
pilot_sokoban,sokoban_heldout_0005_256788_anonymized,sokoban_heldout_0005_256788,sokoban,heldout,Qwen/Qwen3-1.7B,anonymized,parsed_actions,False,unknown_invalid,156,13,12.0,1.0,1.0,1.0,0.0033512499649077654
pilot_sokoban,sokoban_heldout_0005_256788_compact,sokoban_heldout_0005_256788,sokoban,heldout,Qwen/Qwen3-1.7B,compact,parsed_actions,False,unknown_invalid,155,13,11.923076923076923,1.0,1.0,1.0,0.0030249999836087227
pilot_transport,transport_heldout_0000_670488_standard,transport_heldout_0000_670488,transport,heldout,Qwen/Qwen3-1.7B,standard,parsed_actions,False,unknown_invalid,8,9,0.8888888888888888,1.0,1.0,1.0,0.0032399578485637903
pilot_transport,transport_heldout_0000_670488_anonymized,transport_heldout_0000_670488,transport,heldout,Qwen/Qwen3-1.7B,anonymized,parsed_actions,False,unknown_invalid,11,9,1.2222222222222223,1.0,1.0,1.0,0.003002250101417303
pilot_transport,transport_heldout_0000_670488_compact,transport_heldout_0000_670488,transport,heldout,Qwen/Qwen3-1.7B,compact,parsed_actions,False,unknown_invalid,8,9,0.8888888888888888,1.0,1.0,1.0,0.002917042002081871
pilot_sokoban,sokoban_heldout_0006_234054_standard,sokoban_heldout_0006_234054,sokoban,heldout,Qwen/Qwen3-1.7B,standard,parsed_actions,False,unknown_invalid,155,30,5.166666666666667,0.0,0.0,1.0,0.0037233340553939342
pilot_transport,transport_heldout_0001_116740_standard,transport_heldout_0001_116740,transport,heldout,Qwen/Qwen3-1.7B,standard,parsed_actions,False,unknown_invalid,136,3,45.333333333333336,2.0,2.0,1.0,0.0035375410225242376
pilot_sokoban,sokoban_heldout_0006_234054_anonymized,sokoban_heldout_0006_234054,sokoban,heldout,Qwen/Qwen3-1.7B,anonymized,parsed_actions,False,unknown_invalid,158,30,5.266666666666667,0.0,0.0,1.0,0.003029041923582554
pilot_transport,transport_heldout_0001_116740_anonymized,transport_heldout_0001_116740,transport,heldout,Qwen/Qwen3-1.7B,anonymized,parsed_actions,False,unknown_invalid,11,3,3.6666666666666665,2.0,2.0,1.0,0.003038333961740136
pilot_sokoban,sokoban_heldout_0006_234054_compact,sokoban_heldout_0006_234054,sokoban,heldout,Qwen/Qwen3-1.7B,compact,parsed_actions,False,unknown_invalid,156,30,5.2,0.0,0.0,1.0,0.0029581249691545963
pilot_transport,transport_heldout_0001_116740_compact,transport_heldout_0001_116740,transport,heldout,Qwen/Qwen3-1.7B,compact,parsed_actions,False,unknown_invalid,11,3,3.6666666666666665,2.0,2.0,1.0,0.0028152919840067625
pilot_transport,transport_heldout_0002_26226_standard,transport_heldout_0002_26226,transport,heldout,Qwen/Qwen3-1.7B,standard,parsed_actions,False,unknown_invalid,13,10,1.3,2.0,2.0,1.0,0.0030927499756217003
pilot_transport,transport_heldout_0002_26226_anonymized,transport_heldout_0002_26226,transport,heldout,Qwen/Qwen3-1.7B,anonymized,parsed_actions,False,unknown_invalid,13,10,1.3,2.0,2.0,1.0,0.003375458065420389
pilot_transport,transport_heldout_0002_26226_compact,transport_heldout_0002_26226,transport,heldout,Qwen/Qwen3-1.7B,compact,parsed_actions,False,unknown_invalid,13,10,1.3,2.0,2.0,1.0,0.0032362500205636024
pilot_transport,transport_heldout_0003_777573_standard,transport_heldout_0003_777573,transport,heldout,Qwen/Qwen3-1.7B,standard,parsed_actions,False,unknown_invalid,8,5,1.6,2.0,2.0,1.0,0.0031774158123880625
pilot_transport,transport_heldout_0003_777573_anonymized,transport_heldout_0003_777573,transport,heldout,Qwen/Qwen3-1.7B,anonymized,parsed_actions,False,unknown_invalid,8,5,1.6,2.0,2.0,1.0,0.003042458090931177
pilot_satellite,satellite_heldout_0000_670488_standard,satellite_heldout_0000_670488,satellite,heldout,Qwen/Qwen3-1.7B,standard,parsed_actions,False,validator_crash,228,18,12.666666666666666,1.0,1.0,1.0,0.011259833117946982
pilot_transport,transport_heldout_0003_777573_compact,transport_heldout_0003_777573,transport,heldout,Qwen/Qwen3-1.7B,compact,parsed_actions,False,unknown_invalid,8,5,1.6,2.0,2.0,1.0,0.009431875078007579
pilot_sokoban,sokoban_heldout_0007_146317_standard,sokoban_heldout_0007_146317,sokoban,heldout,Qwen/Qwen3-1.7B,standard,parsed_actions,False,unknown_invalid,158,51,3.0980392156862746,0.0,0.0,1.0,0.004324707901105285
pilot_transport,transport_heldout_0004_288390_standard,transport_heldout_0004_288390,transport,heldout,Qwen/Qwen3-1.7B,standard,parsed_actions,False,unknown_invalid,20,12,1.6666666666666667,2.0,2.0,1.0,0.003920292016118765
pilot_satellite,satellite_heldout_0000_670488_anonymized,satellite_heldout_0000_670488,satellite,heldout,Qwen/Qwen3-1.7B,anonymized,parsed_actions,False,validator_crash,228,18,12.666666666666666,1.0,1.0,1.0,0.010762125020846725
pilot_sokoban,sokoban_heldout_0007_146317_anonymized,sokoban_heldout_0007_146317,sokoban,heldout,Qwen/Qwen3-1.7B,anonymized,parsed_actions,False,unknown_invalid,158,51,3.0980392156862746,0.0,0.0,1.0,0.004039708990603685
pilot_transport,transport_heldout_0004_288390_anonymized,transport_heldout_0004_288390,transport,heldout,Qwen/Qwen3-1.7B,anonymized,parsed_actions,False,unknown_invalid,31,12,2.5833333333333335,11.0,11.0,1.0,0.0037130829878151417
pilot_transport,transport_heldout_0004_288390_compact,transport_heldout_0004_288390,transport,heldout,Qwen/Qwen3-1.7B,compact,parsed_actions,False,unknown_invalid,15,12,1.25,2.0,2.0,1.0,0.0033364580012857914
pilot_transport,transport_heldout_0005_256788_standard,transport_heldout_0005_256788,transport,heldout,Qwen/Qwen3-1.7B,standard,parsed_actions,False,unknown_invalid,12,12,1.0,1.0,1.0,1.0,0.0032599170226603746
pilot_transport,transport_heldout_0005_256788_anonymized,transport_heldout_0005_256788,transport,heldout,Qwen/Qwen3-1.7B,anonymized,parsed_actions,False,unknown_invalid,12,12,1.0,1.0,1.0,1.0,0.003128624986857176
pilot_transport,transport_heldout_0005_256788_compact,transport_heldout_0005_256788,transport,heldout,Qwen/Qwen3-1.7B,compact,parsed_actions,False,unknown_invalid,12,12,1.0,1.0,1.0,1.0,0.0032731250394135714
pilot_transport,transport_heldout_0006_234054_standard,transport_heldout_0006_234054,transport,heldout,Qwen/Qwen3-1.7B,standard,parsed_actions,False,unknown_invalid,21,12,1.75,1.0,1.0,1.0,0.0036206250078976154
pilot_satellite,satellite_heldout_0000_670488_compact,satellite_heldout_0000_670488,satellite,heldout,Qwen/Qwen3-1.7B,compact,parsed_actions,False,unknown_invalid,30,18,1.6666666666666667,2.0,2.0,1.0,0.0031272920314222574
pilot_transport,transport_heldout_0006_234054_anonymized,transport_heldout_0006_234054,transport,heldout,Qwen/Qwen3-1.7B,anonymized,parsed_actions,False,unknown_invalid,23,12,1.9166666666666667,1.0,1.0,1.0,0.003155791899189353
pilot_sokoban,sokoban_heldout_0007_146317_compact,sokoban_heldout_0007_146317,sokoban,heldout,Qwen/Qwen3-1.7B,compact,parsed_actions,False,unknown_invalid,158,51,3.0980392156862746,0.0,0.0,1.0,0.003295459086075425
pilot_transport,transport_heldout_0006_234054_compact,transport_heldout_0006_234054,transport,heldout,Qwen/Qwen3-1.7B,compact,parsed_actions,False,unknown_invalid,21,12,1.75,1.0,1.0,1.0,0.003180416999384761
pilot_transport,transport_heldout_0007_146317_standard,transport_heldout_0007_146317,transport,heldout,Qwen/Qwen3-1.7B,standard,parsed_actions,False,unknown_invalid,4,6,0.6666666666666666,1.0,1.0,1.0,0.0031909169629216194
pilot_transport,transport_heldout_0007_146317_anonymized,transport_heldout_0007_146317,transport,heldout,Qwen/Qwen3-1.7B,anonymized,parsed_actions,False,validator_crash,6,6,1.0,3.0,3.0,1.0,0.01067945803515613
pilot_transport,transport_heldout_0007_146317_compact,transport_heldout_0007_146317,transport,heldout,Qwen/Qwen3-1.7B,compact,parsed_actions,False,unknown_invalid,4,6,0.6666666666666666,1.0,1.0,1.0,0.0034631250891834497
pilot_transport,transport_heldout_0008_772247_standard,transport_heldout_0008_772247,transport,heldout,Qwen/Qwen3-1.7B,standard,parsed_actions,False,unknown_invalid,8,9,0.8888888888888888,1.0,1.0,1.0,0.0033760410733520985
pilot_transport,transport_heldout_0008_772247_anonymized,transport_heldout_0008_772247,transport,heldout,Qwen/Qwen3-1.7B,anonymized,parsed_actions,False,unknown_invalid,12,9,1.3333333333333333,2.0,2.0,1.0,0.0036982500459998846
pilot_transport,transport_heldout_0008_772247_compact,transport_heldout_0008_772247,transport,heldout,Qwen/Qwen3-1.7B,compact,parsed_actions,False,unknown_invalid,12,9,1.3333333333333333,2.0,2.0,1.0,0.0032425830140709877
pilot_transport,transport_heldout_0009_107474_standard,transport_heldout_0009_107474,transport,heldout,Qwen/Qwen3-1.7B,standard,parsed_actions,False,unknown_invalid,9,4,2.25,2.0,2.0,1.0,0.0030583750922232866
pilot_transport,transport_heldout_0009_107474_anonymized,transport_heldout_0009_107474,transport,heldout,Qwen/Qwen3-1.7B,anonymized,parsed_actions,False,unknown_invalid,11,4,2.75,1.0,1.0,1.0,0.003113500075414777
pilot_transport,transport_heldout_0009_107474_compact,transport_heldout_0009_107474,transport,heldout,Qwen/Qwen3-1.7B,compact,parsed_actions,False,unknown_invalid,8,4,2.0,2.0,2.0,1.0,0.0029963329434394836
pilot_satellite,satellite_heldout_0001_116740_standard,satellite_heldout_0001_116740,satellite,heldout,Qwen/Qwen3-1.7B,standard,parsed_actions,False,unknown_invalid,23,22,1.0454545454545454,0.0,0.0,1.0,0.003175457939505577
pilot_transport,transport_heldout_0010_709571_standard,transport_heldout_0010_709571,transport,heldout,Qwen/Qwen3-1.7B,standard,parsed_actions,False,unknown_invalid,12,10,1.2,1.0,1.0,1.0,0.003200375009328127
pilot_sokoban,sokoban_heldout_0009_107474_standard,sokoban_heldout_0009_107474,sokoban,heldout,Qwen/Qwen3-1.7B,standard,parsed_actions,False,unknown_invalid,157,52,3.019230769230769,0.0,0.0,1.0,0.0033052081707865
pilot_transport,transport_heldout_0010_709571_anonymized,transport_heldout_0010_709571,transport,heldout,Qwen/Qwen3-1.7B,anonymized,parsed_actions,False,unknown_invalid,11,10,1.1,2.0,2.0,1.0,0.0029065420385450125
pilot_transport,transport_heldout_0010_709571_compact,transport_heldout_0010_709571,transport,heldout,Qwen/Qwen3-1.7B,compact,parsed_actions,False,unknown_invalid,14,10,1.4,2.0,2.0,1.0,0.0031353330705314875
pilot_satellite,satellite_heldout_0001_116740_anonymized,satellite_heldout_0001_116740,satellite,heldout,Qwen/Qwen3-1.7B,anonymized,parsed_actions,False,validator_crash,213,22,9.681818181818182,0.0,0.0,1.0,0.011225332971662283
pilot_sokoban,sokoban_heldout_0009_107474_anonymized,sokoban_heldout_0009_107474,sokoban,heldout,Qwen/Qwen3-1.7B,anonymized,parsed_actions,False,unknown_invalid,154,52,2.9615384615384617,3.0,3.0,1.0,0.00370654184371233
pilot_transport,transport_heldout_0011_776647_standard,transport_heldout_0011_776647,transport,heldout,Qwen/Qwen3-1.7B,standard,parsed_actions,False,unknown_invalid,17,13,1.3076923076923077,1.0,1.0,1.0,0.003391833044588566
pilot_sokoban,sokoban_heldout_0009_107474_compact,sokoban_heldout_0009_107474,sokoban,heldout,Qwen/Qwen3-1.7B,compact,parsed_actions,False,unknown_invalid,157,52,3.019230769230769,0.0,0.0,1.0,0.003479582956060767
pilot_transport,transport_heldout_0011_776647_anonymized,transport_heldout_0011_776647,transport,heldout,Qwen/Qwen3-1.7B,anonymized,parsed_actions,False,unknown_invalid,17,13,1.3076923076923077,1.0,1.0,1.0,0.0031181250233203173
pilot_satellite,satellite_heldout_0001_116740_compact,satellite_heldout_0001_116740,satellite,heldout,Qwen/Qwen3-1.7B,compact,parsed_actions,False,validator_crash,209,22,9.5,0.0,0.0,1.0,0.011278541991487145
pilot_sokoban,sokoban_heldout_0011_776647_standard,sokoban_heldout_0011_776647,sokoban,heldout,Qwen/Qwen3-1.7B,standard,parsed_actions,False,unknown_invalid,157,13,12.076923076923077,0.0,0.0,1.0,0.003917000023648143
pilot_transport,transport_heldout_0011_776647_compact,transport_heldout_0011_776647,transport,heldout,Qwen/Qwen3-1.7B,compact,parsed_actions,False,unknown_invalid,14,13,1.0769230769230769,3.0,3.0,1.0,0.003112624865025282
pilot_transport,transport_heldout_0012_935519_standard,transport_heldout_0012_935519,transport,heldout,Qwen/Qwen3-1.7B,standard,parsed_actions,False,unknown_invalid,13,24,0.5416666666666666,1.0,1.0,1.0,0.003219250123947859
pilot_transport,transport_heldout_0012_935519_anonymized,transport_heldout_0012_935519,transport,heldout,Qwen/Qwen3-1.7B,anonymized,parsed_actions,False,unknown_invalid,13,24,0.5416666666666666,1.0,1.0,1.0,0.0030741249211132526
pilot_satellite,satellite_heldout_0002_26226_standard,satellite_heldout_0002_26226,satellite,heldout,Qwen/Qwen3-1.7B,standard,parsed_actions,False,validator_crash,219,15,14.6,2.0,2.0,1.0,0.01131874998100102
pilot_transport,transport_heldout_0012_935519_compact,transport_heldout_0012_935519,transport,heldout,Qwen/Qwen3-1.7B,compact,parsed_actions,False,unknown_invalid,20,24,0.8333333333333334,3.0,3.0,1.0,0.0037328749895095825
pilot_transport,transport_heldout_0013_571859_standard,transport_heldout_0013_571859,transport,heldout,Qwen/Qwen3-1.7B,standard,parsed_actions,False,unknown_invalid,2,8,0.25,1.0,1.0,1.0,0.003378292080014944
pilot_transport,transport_heldout_0013_571859_anonymized,transport_heldout_0013_571859,transport,heldout,Qwen/Qwen3-1.7B,anonymized,parsed_actions,False,unknown_invalid,2,8,0.25,1.0,1.0,1.0,0.0032250829972326756
pilot_transport,transport_heldout_0013_571859_compact,transport_heldout_0013_571859,transport,heldout,Qwen/Qwen3-1.7B,compact,parsed_actions,False,unknown_invalid,2,8,0.25,1.0,1.0,1.0,0.0029631659854203463
pilot_transport,transport_heldout_0014_91162_standard,transport_heldout_0014_91162,transport,heldout,Qwen/Qwen3-1.7B,standard,parsed_actions,False,unknown_invalid,8,6,1.3333333333333333,1.0,1.0,1.0,0.003227208973839879
pilot_sokoban,sokoban_heldout_0011_776647_anonymized,sokoban_heldout_0011_776647,sokoban,heldout,Qwen/Qwen3-1.7B,anonymized,parsed_actions,False,unknown_invalid,157,13,12.076923076923077,0.0,0.0,1.0,0.003357541048899293
pilot_transport,transport_heldout_0014_91162_anonymized,transport_heldout_0014_91162,transport,heldout,Qwen/Qwen3-1.7B,anonymized,parsed_actions,False,unknown_invalid,8,6,1.3333333333333333,1.0,1.0,1.0,0.0029388749971985817
pilot_transport,transport_heldout_0014_91162_compact,transport_heldout_0014_91162,transport,heldout,Qwen/Qwen3-1.7B,compact,parsed_actions,False,unknown_invalid,8,6,1.3333333333333333,1.0,1.0,1.0,0.003231791779398918
pilot_transport,transport_heldout_0015_619177_standard,transport_heldout_0015_619177,transport,heldout,Qwen/Qwen3-1.7B,standard,parsed_actions,False,validator_crash,13,15,0.8666666666666667,1.0,1.0,1.0,0.011632457841187716
pilot_transport,transport_heldout_0015_619177_anonymized,transport_heldout_0015_619177,transport,heldout,Qwen/Qwen3-1.7B,anonymized,parsed_actions,False,validator_crash,18,15,1.2,3.0,3.0,1.0,0.011699709109961987
pilot_satellite,satellite_heldout_0002_26226_anonymized,satellite_heldout_0002_26226,satellite,heldout,Qwen/Qwen3-1.7B,anonymized,parsed_actions,False,validator_crash,207,15,13.8,2.0,2.0,1.0,0.011714000022038817
pilot_sokoban,sokoban_heldout_0011_776647_compact,sokoban_heldout_0011_776647,sokoban,heldout,Qwen/Qwen3-1.7B,compact,parsed_actions,False,unknown_invalid,155,13,11.923076923076923,0.0,0.0,1.0,0.0036822077818214893
pilot_transport,transport_heldout_0015_619177_compact,transport_heldout_0015_619177,transport,heldout,Qwen/Qwen3-1.7B,compact,parsed_actions,False,unknown_invalid,17,15,1.1333333333333333,1.0,1.0,1.0,0.0032140829134732485
pilot_transport,transport_heldout_0016_442418_standard,transport_heldout_0016_442418,transport,heldout,Qwen/Qwen3-1.7B,standard,parsed_actions,False,unknown_invalid,23,17,1.3529411764705883,1.0,1.0,1.0,0.0044341247994452715
pilot_transport,transport_heldout_0016_442418_anonymized,transport_heldout_0016_442418,transport,heldout,Qwen/Qwen3-1.7B,anonymized,parsed_actions,False,unknown_invalid,23,17,1.3529411764705883,1.0,1.0,1.0,0.003743499983102083
pilot_transport,transport_heldout_0016_442418_compact,transport_heldout_0016_442418,transport,heldout,Qwen/Qwen3-1.7B,compact,parsed_actions,False,unknown_invalid,16,17,0.9411764705882353,1.0,1.0,1.0,0.003459166968241334
pilot_sokoban,sokoban_heldout_0012_935519_standard,sokoban_heldout_0012_935519,sokoban,heldout,Qwen/Qwen3-1.7B,standard,parsed_actions,False,unknown_invalid,157,52,3.019230769230769,1.0,1.0,1.0,0.003546625142917037
pilot_satellite,satellite_heldout_0002_26226_compact,satellite_heldout_0002_26226,satellite,heldout,Qwen/Qwen3-1.7B,compact,parsed_actions,False,validator_crash,207,15,13.8,2.0,2.0,1.0,0.011826584115624428
pilot_satellite,satellite_heldout_0003_777573_standard,satellite_heldout_0003_777573,satellite,heldout,Qwen/Qwen3-1.7B,standard,parsed_actions,False,unknown_invalid,30,12,2.5,2.0,2.0,1.0,0.003890416817739606
pilot_transport,transport_heldout_0017_33327_standard,transport_heldout_0017_33327,transport,heldout,Qwen/Qwen3-1.7B,standard,parsed_actions,False,validator_crash,133,8,16.625,4.0,4.0,1.0,0.011758957989513874
pilot_sokoban,sokoban_heldout_0012_935519_anonymized,sokoban_heldout_0012_935519,sokoban,heldout,Qwen/Qwen3-1.7B,anonymized,parsed_actions,False,unknown_invalid,157,52,3.019230769230769,1.0,1.0,1.0,0.0037308749742805958
pilot_satellite,satellite_heldout_0003_777573_anonymized,satellite_heldout_0003_777573,satellite,heldout,Qwen/Qwen3-1.7B,anonymized,parsed_actions,False,unknown_invalid,244,12,20.333333333333332,2.0,2.0,1.0,0.003967083990573883
pilot_satellite,satellite_heldout_0003_777573_compact,satellite_heldout_0003_777573,satellite,heldout,Qwen/Qwen3-1.7B,compact,parsed_actions,False,unknown_invalid,244,12,20.333333333333332,2.0,2.0,1.0,0.003707125084474683
pilot_transport,transport_heldout_0017_33327_anonymized,transport_heldout_0017_33327,transport,heldout,Qwen/Qwen3-1.7B,anonymized,parsed_actions,False,unknown_invalid,33,8,4.125,4.0,4.0,1.0,0.0030877080280333757
pilot_satellite,satellite_heldout_0004_288390_standard,satellite_heldout_0004_288390,satellite,heldout,Qwen/Qwen3-1.7B,standard,parsed_actions,False,validator_crash,210,15,14.0,0.0,0.0,1.0,0.011439417023211718
pilot_satellite,satellite_heldout_0004_288390_anonymized,satellite_heldout_0004_288390,satellite,heldout,Qwen/Qwen3-1.7B,anonymized,parsed_actions,False,unknown_invalid,200,15,13.333333333333334,2.0,2.0,1.0,0.004272416001185775
pilot_sokoban,sokoban_heldout_0012_935519_compact,sokoban_heldout_0012_935519,sokoban,heldout,Qwen/Qwen3-1.7B,compact,parsed_actions,False,unknown_invalid,157,52,3.019230769230769,0.0,0.0,1.0,0.0036674588918685913
pilot_transport,transport_heldout_0017_33327_compact,transport_heldout_0017_33327,transport,heldout,Qwen/Qwen3-1.7B,compact,parsed_actions,False,unknown_invalid,19,8,2.375,4.0,4.0,1.0,0.0031502500642091036
pilot_transport,transport_heldout_0018_31245_standard,transport_heldout_0018_31245,transport,heldout,Qwen/Qwen3-1.7B,standard,parsed_actions,False,unknown_invalid,8,9,0.8888888888888888,1.0,1.0,1.0,0.0032434589229524136
pilot_transport,transport_heldout_0018_31245_anonymized,transport_heldout_0018_31245,transport,heldout,Qwen/Qwen3-1.7B,anonymized,parsed_actions,False,unknown_invalid,11,9,1.2222222222222223,1.0,1.0,1.0,0.0029150829650461674
pilot_transport,transport_heldout_0018_31245_compact,transport_heldout_0018_31245,transport,heldout,Qwen/Qwen3-1.7B,compact,parsed_actions,False,unknown_invalid,8,9,0.8888888888888888,1.0,1.0,1.0,0.0032949999440461397
pilot_satellite,satellite_heldout_0004_288390_compact,satellite_heldout_0004_288390,satellite,heldout,Qwen/Qwen3-1.7B,compact,parsed_actions,False,unknown_invalid,27,15,1.8,0.0,0.0,1.0,0.003903208998963237
pilot_transport,transport_heldout_0019_98247_standard,transport_heldout_0019_98247,transport,heldout,Qwen/Qwen3-1.7B,standard,parsed_actions,False,validator_crash,12,9,1.3333333333333333,2.0,2.0,1.0,0.011678708018735051
pilot_sokoban,sokoban_heldout_0013_571859_standard,sokoban_heldout_0013_571859,sokoban,heldout,Qwen/Qwen3-1.7B,standard,parsed_actions,False,unknown_invalid,158,22,7.181818181818182,0.0,0.0,1.0,0.003845500061288476
pilot_transport,transport_heldout_0019_98247_anonymized,transport_heldout_0019_98247,transport,heldout,Qwen/Qwen3-1.7B,anonymized,parsed_actions,False,validator_crash,12,9,1.3333333333333333,2.0,2.0,1.0,0.010819333139806986
pilot_transport,transport_heldout_0019_98247_compact,transport_heldout_0019_98247,transport,heldout,Qwen/Qwen3-1.7B,compact,parsed_actions,False,validator_crash,12,9,1.3333333333333333,2.0,2.0,1.0,0.011700208997353911
pilot_transport,transport_heldout_0020_229259_standard,transport_heldout_0020_229259,transport,heldout,Qwen/Qwen3-1.7B,standard,parsed_actions,False,unknown_invalid,8,6,1.3333333333333333,1.0,1.0,1.0,0.0036113751120865345
pilot_transport,transport_heldout_0020_229259_anonymized,transport_heldout_0020_229259,transport,heldout,Qwen/Qwen3-1.7B,anonymized,parsed_actions,False,unknown_invalid,8,6,1.3333333333333333,1.0,1.0,1.0,0.003164124907925725
pilot_transport,transport_heldout_0020_229259_compact,transport_heldout_0020_229259,transport,heldout,Qwen/Qwen3-1.7B,compact,parsed_actions,False,unknown_invalid,8,6,1.3333333333333333,1.0,1.0,1.0,0.0030479158740490675
pilot_transport,transport_heldout_0021_243963_standard,transport_heldout_0021_243963,transport,heldout,Qwen/Qwen3-1.7B,standard,parsed_actions,False,unknown_invalid,9,7,1.2857142857142858,1.0,1.0,1.0,0.003493832889944315
pilot_transport,transport_heldout_0021_243963_anonymized,transport_heldout_0021_243963,transport,heldout,Qwen/Qwen3-1.7B,anonymized,parsed_actions,False,unknown_invalid,8,7,1.1428571428571428,1.0,1.0,1.0,0.0035890419967472553
pilot_sokoban,sokoban_heldout_0013_571859_anonymized,sokoban_heldout_0013_571859,sokoban,heldout,Qwen/Qwen3-1.7B,anonymized,parsed_actions,False,unknown_invalid,157,22,7.136363636363637,1.0,1.0,1.0,0.003526542102918029
pilot_satellite,satellite_heldout_0005_256788_standard,satellite_heldout_0005_256788,satellite,heldout,Qwen/Qwen3-1.7B,standard,parsed_actions,False,unknown_invalid,21,13,1.6153846153846154,0.0,0.0,1.0,0.003517458215355873
pilot_satellite,satellite_heldout_0005_256788_anonymized,satellite_heldout_0005_256788,satellite,heldout,Qwen/Qwen3-1.7B,anonymized,parsed_actions,False,validator_crash,24,13,1.8461538461538463,0.0,0.0,1.0,0.010479165939614177
pilot_satellite,satellite_heldout_0005_256788_compact,satellite_heldout_0005_256788,satellite,heldout,Qwen/Qwen3-1.7B,compact,parsed_actions,False,unknown_invalid,20,13,1.5384615384615385,2.0,2.0,1.0,0.0032975419890135527
pilot_satellite,satellite_heldout_0006_234054_standard,satellite_heldout_0006_234054,satellite,heldout,Qwen/Qwen3-1.7B,standard,parsed_actions,False,validator_crash,219,18,12.166666666666666,2.0,2.0,1.0,0.011768541065976024
pilot_transport,transport_heldout_0021_243963_compact,transport_heldout_0021_243963,transport,heldout,Qwen/Qwen3-1.7B,compact,parsed_actions,False,unknown_invalid,8,7,1.1428571428571428,1.0,1.0,1.0,0.003545542014762759
pilot_satellite,satellite_heldout_0006_234054_anonymized,satellite_heldout_0006_234054,satellite,heldout,Qwen/Qwen3-1.7B,anonymized,parsed_actions,False,unknown_invalid,30,18,1.6666666666666667,2.0,2.0,1.0,0.0037097909953445196
pilot_transport,transport_heldout_0022_529904_standard,transport_heldout_0022_529904,transport,heldout,Qwen/Qwen3-1.7B,standard,parsed_actions,False,unknown_invalid,20,17,1.1764705882352942,1.0,1.0,1.0,0.0037280418910086155
pilot_sokoban,sokoban_heldout_0013_571859_compact,sokoban_heldout_0013_571859,sokoban,heldout,Qwen/Qwen3-1.7B,compact,parsed_actions,False,unknown_invalid,158,22,7.181818181818182,0.0,0.0,1.0,0.0045002910774201155
pilot_transport,transport_heldout_0022_529904_anonymized,transport_heldout_0022_529904,transport,heldout,Qwen/Qwen3-1.7B,anonymized,parsed_actions,False,unknown_invalid,21,17,1.2352941176470589,1.0,1.0,1.0,0.003478167112916708
pilot_transport,transport_heldout_0022_529904_compact,transport_heldout_0022_529904,transport,heldout,Qwen/Qwen3-1.7B,compact,parsed_actions,False,unknown_invalid,20,17,1.1764705882352942,1.0,1.0,1.0,0.003344666911289096
pilot_transport,transport_heldout_0023_631263_standard,transport_heldout_0023_631263,transport,heldout,Qwen/Qwen3-1.7B,standard,parsed_actions,False,unknown_invalid,10,11,0.9090909090909091,1.0,1.0,1.0,0.00337254093028605
pilot_transport,transport_heldout_0023_631263_anonymized,transport_heldout_0023_631263,transport,heldout,Qwen/Qwen3-1.7B,anonymized,parsed_actions,False,unknown_invalid,10,11,0.9090909090909091,1.0,1.0,1.0,0.0032945829443633556
pilot_transport,transport_heldout_0023_631263_compact,transport_heldout_0023_631263,transport,heldout,Qwen/Qwen3-1.7B,compact,parsed_actions,False,unknown_invalid,9,11,0.8181818181818182,1.0,1.0,1.0,0.0028470000252127647
pilot_satellite,satellite_heldout_0006_234054_compact,satellite_heldout_0006_234054,satellite,heldout,Qwen/Qwen3-1.7B,compact,parsed_actions,False,validator_crash,224,18,12.444444444444445,2.0,2.0,1.0,0.0106819998472929
pilot_satellite,satellite_heldout_0007_146317_standard,satellite_heldout_0007_146317,satellite,heldout,Qwen/Qwen3-1.7B,standard,parsed_actions,False,unknown_invalid,20,13,1.5384615384615385,2.0,2.0,1.0,0.0035102921538054943
pilot_satellite,satellite_heldout_0007_146317_anonymized,satellite_heldout_0007_146317,satellite,heldout,Qwen/Qwen3-1.7B,anonymized,parsed_actions,False,unknown_invalid,35,13,2.6923076923076925,2.0,2.0,1.0,0.003049416933208704
pilot_satellite,satellite_heldout_0007_146317_compact,satellite_heldout_0007_146317,satellite,heldout,Qwen/Qwen3-1.7B,compact,parsed_actions,False,unknown_invalid,14,13,1.0769230769230769,2.0,2.0,1.0,0.0032190419733524323
pilot_sokoban,sokoban_heldout_0015_619177_standard,sokoban_heldout_0015_619177,sokoban,heldout,Qwen/Qwen3-1.7B,standard,parsed_actions,False,unknown_invalid,157,45,3.488888888888889,0.0,0.0,1.0,0.004138167016208172
pilot_satellite,satellite_heldout_0008_772247_standard,satellite_heldout_0008_772247,satellite,heldout,Qwen/Qwen3-1.7B,standard,parsed_actions,False,unknown_invalid,23,17,1.3529411764705883,2.0,2.0,1.0,0.003398041008040309
pilot_satellite,satellite_heldout_0008_772247_anonymized,satellite_heldout_0008_772247,satellite,heldout,Qwen/Qwen3-1.7B,anonymized,parsed_actions,False,unknown_invalid,23,17,1.3529411764705883,2.0,2.0,1.0,0.0033460420090705156
pilot_transport,transport_heldout_0024_27825_standard,transport_heldout_0024_27825,transport,heldout,Qwen/Qwen3-1.7B,standard,parsed_actions,False,unknown_invalid,14,15,0.9333333333333333,1.0,1.0,1.0,0.003593500005081296
pilot_transport,transport_heldout_0024_27825_anonymized,transport_heldout_0024_27825,transport,heldout,Qwen/Qwen3-1.7B,anonymized,parsed_actions,False,unknown_invalid,17,15,1.1333333333333333,1.0,1.0,1.0,0.0033164580818265676
pilot_transport,transport_heldout_0024_27825_compact,transport_heldout_0024_27825,transport,heldout,Qwen/Qwen3-1.7B,compact,parsed_actions,False,unknown_invalid,14,15,0.9333333333333333,1.0,1.0,1.0,0.0032275000121444464
pilot_sokoban,sokoban_heldout_0015_619177_anonymized,sokoban_heldout_0015_619177,sokoban,heldout,Qwen/Qwen3-1.7B,anonymized,parsed_actions,False,unknown_invalid,157,45,3.488888888888889,0.0,0.0,1.0,0.003358042100444436
pilot_satellite,satellite_heldout_0008_772247_compact,satellite_heldout_0008_772247,satellite,heldout,Qwen/Qwen3-1.7B,compact,parsed_actions,False,unknown_invalid,23,17,1.3529411764705883,2.0,2.0,1.0,0.0031354587990790606
pilot_satellite,satellite_heldout_0009_107474_standard,satellite_heldout_0009_107474,satellite,heldout,Qwen/Qwen3-1.7B,standard,parsed_actions,False,unknown_invalid,31,13,2.3846153846153846,0.0,0.0,1.0,0.0034334170632064342
pilot_satellite,satellite_heldout_0009_107474_anonymized,satellite_heldout_0009_107474,satellite,heldout,Qwen/Qwen3-1.7B,anonymized,parsed_actions,False,validator_crash,228,13,17.53846153846154,0.0,0.0,1.0,0.01121329190209508
pilot_satellite,satellite_heldout_0009_107474_compact,satellite_heldout_0009_107474,satellite,heldout,Qwen/Qwen3-1.7B,compact,parsed_actions,False,unknown_invalid,185,13,14.23076923076923,0.0,0.0,1.0,0.004091290989890695
pilot_satellite,satellite_heldout_0010_709571_standard,satellite_heldout_0010_709571,satellite,heldout,Qwen/Qwen3-1.7B,standard,parsed_actions,False,unknown_invalid,15,18,0.8333333333333334,2.0,2.0,1.0,0.003165875095874071
pilot_sokoban,sokoban_heldout_0015_619177_compact,sokoban_heldout_0015_619177,sokoban,heldout,Qwen/Qwen3-1.7B,compact,parsed_actions,False,unknown_invalid,157,45,3.488888888888889,0.0,0.0,1.0,0.003340542083606124
pilot_sokoban,sokoban_heldout_0016_442418_standard,sokoban_heldout_0016_442418,sokoban,heldout,Qwen/Qwen3-1.7B,standard,parsed_actions,False,unknown_invalid,157,51,3.0784313725490198,1.0,1.0,1.0,0.003495125100016594
pilot_satellite,satellite_heldout_0010_709571_anonymized,satellite_heldout_0010_709571,satellite,heldout,Qwen/Qwen3-1.7B,anonymized,parsed_actions,False,unknown_invalid,15,18,0.8333333333333334,2.0,2.0,1.0,0.0030620000325143337
pilot_satellite,satellite_heldout_0010_709571_compact,satellite_heldout_0010_709571,satellite,heldout,Qwen/Qwen3-1.7B,compact,parsed_actions,False,unknown_invalid,16,18,0.8888888888888888,2.0,2.0,1.0,0.0031345419120043516
pilot_sokoban,sokoban_heldout_0016_442418_anonymized,sokoban_heldout_0016_442418,sokoban,heldout,Qwen/Qwen3-1.7B,anonymized,parsed_actions,False,unknown_invalid,157,51,3.0784313725490198,0.0,0.0,1.0,0.003471583127975464
pilot_satellite,satellite_heldout_0011_776647_standard,satellite_heldout_0011_776647,satellite,heldout,Qwen/Qwen3-1.7B,standard,parsed_actions,False,unknown_invalid,225,13,17.307692307692307,0.0,0.0,1.0,0.003549667075276375
pilot_satellite,satellite_heldout_0011_776647_anonymized,satellite_heldout_0011_776647,satellite,heldout,Qwen/Qwen3-1.7B,anonymized,parsed_actions,False,validator_crash,217,13,16.692307692307693,0.0,0.0,1.0,0.01092166593298316
pilot_sokoban,sokoban_heldout_0016_442418_compact,sokoban_heldout_0016_442418,sokoban,heldout,Qwen/Qwen3-1.7B,compact,parsed_actions,False,unknown_invalid,157,51,3.0784313725490198,0.0,0.0,1.0,0.00376287498511374
pilot_satellite,satellite_heldout_0011_776647_compact,satellite_heldout_0011_776647,satellite,heldout,Qwen/Qwen3-1.7B,compact,parsed_actions,False,unknown_invalid,25,13,1.9230769230769231,0.0,0.0,1.0,0.003162250155583024
pilot_satellite,satellite_heldout_0012_935519_standard,satellite_heldout_0012_935519,satellite,heldout,Qwen/Qwen3-1.7B,standard,parsed_actions,False,unknown_invalid,14,15,0.9333333333333333,2.0,2.0,1.0,0.0035632080398499966
pilot_satellite,satellite_heldout_0012_935519_anonymized,satellite_heldout_0012_935519,satellite,heldout,Qwen/Qwen3-1.7B,anonymized,parsed_actions,False,unknown_invalid,14,15,0.9333333333333333,2.0,2.0,1.0,0.002915332792326808
pilot_satellite,satellite_heldout_0012_935519_compact,satellite_heldout_0012_935519,satellite,heldout,Qwen/Qwen3-1.7B,compact,parsed_actions,False,unknown_invalid,12,15,0.8,2.0,2.0,1.0,0.0028562499210238457
pilot_satellite,satellite_heldout_0013_571859_standard,satellite_heldout_0013_571859,satellite,heldout,Qwen/Qwen3-1.7B,standard,parsed_actions,False,unknown_invalid,19,13,1.4615384615384615,0.0,0.0,1.0,0.0029857910703867674
pilot_satellite,satellite_heldout_0013_571859_anonymized,satellite_heldout_0013_571859,satellite,heldout,Qwen/Qwen3-1.7B,anonymized,parsed_actions,False,unknown_invalid,19,13,1.4615384615384615,0.0,0.0,1.0,0.003291791072115302
pilot_satellite,satellite_heldout_0013_571859_compact,satellite_heldout_0013_571859,satellite,heldout,Qwen/Qwen3-1.7B,compact,parsed_actions,False,unknown_invalid,18,13,1.3846153846153846,0.0,0.0,1.0,0.00321891694329679
pilot_satellite,satellite_heldout_0014_91162_standard,satellite_heldout_0014_91162,satellite,heldout,Qwen/Qwen3-1.7B,standard,parsed_actions,False,unknown_invalid,13,12,1.0833333333333333,2.0,2.0,1.0,0.003324165940284729
pilot_satellite,satellite_heldout_0014_91162_anonymized,satellite_heldout_0014_91162,satellite,heldout,Qwen/Qwen3-1.7B,anonymized,parsed_actions,False,unknown_invalid,14,12,1.1666666666666667,0.0,0.0,1.0,0.002845415845513344
pilot_sokoban,sokoban_heldout_0017_33327_standard,sokoban_heldout_0017_33327,sokoban,heldout,Qwen/Qwen3-1.7B,standard,parsed_actions,False,unknown_invalid,157,70,2.242857142857143,0.0,0.0,1.0,0.003840249963104725
pilot_satellite,satellite_heldout_0014_91162_compact,satellite_heldout_0014_91162,satellite,heldout,Qwen/Qwen3-1.7B,compact,parsed_actions,False,unknown_invalid,13,12,1.0833333333333333,0.0,0.0,1.0,0.0033952079247683287
pilot_sokoban,sokoban_heldout_0017_33327_anonymized,sokoban_heldout_0017_33327,sokoban,heldout,Qwen/Qwen3-1.7B,anonymized,parsed_actions,False,unknown_invalid,157,70,2.242857142857143,0.0,0.0,1.0,0.0035854580346494913
pilot_satellite,satellite_heldout_0015_619177_standard,satellite_heldout_0015_619177,satellite,heldout,Qwen/Qwen3-1.7B,standard,parsed_actions,False,unknown_invalid,18,15,1.2,2.0,2.0,1.0,0.00333891692571342
pilot_satellite,satellite_heldout_0015_619177_anonymized,satellite_heldout_0015_619177,satellite,heldout,Qwen/Qwen3-1.7B,anonymized,parsed_actions,False,unknown_invalid,17,15,1.1333333333333333,2.0,2.0,1.0,0.003021415788680315
pilot_sokoban,sokoban_heldout_0017_33327_compact,sokoban_heldout_0017_33327,sokoban,heldout,Qwen/Qwen3-1.7B,compact,parsed_actions,False,unknown_invalid,157,70,2.242857142857143,0.0,0.0,1.0,0.003194499993696809
pilot_satellite,satellite_heldout_0015_619177_compact,satellite_heldout_0015_619177,satellite,heldout,Qwen/Qwen3-1.7B,compact,parsed_actions,False,unknown_invalid,24,15,1.6,2.0,2.0,1.0,0.0028858750592917204
pilot_sokoban,sokoban_heldout_0018_31245_standard,sokoban_heldout_0018_31245,sokoban,heldout,Qwen/Qwen3-1.7B,standard,parsed_actions,False,unknown_invalid,158,14,11.285714285714286,0.0,0.0,1.0,0.0032188750337809324
pilot_satellite,satellite_heldout_0016_442418_standard,satellite_heldout_0016_442418,satellite,heldout,Qwen/Qwen3-1.7B,standard,parsed_actions,False,unknown_invalid,227,21,10.80952380952381,2.0,2.0,1.0,0.003661833005025983
pilot_sokoban,sokoban_heldout_0018_31245_anonymized,sokoban_heldout_0018_31245,sokoban,heldout,Qwen/Qwen3-1.7B,anonymized,parsed_actions,False,unknown_invalid,158,14,11.285714285714286,0.0,0.0,1.0,0.0030588340014219284
pilot_satellite,satellite_heldout_0016_442418_anonymized,satellite_heldout_0016_442418,satellite,heldout,Qwen/Qwen3-1.7B,anonymized,parsed_actions,False,validator_crash,225,21,10.714285714285714,2.0,2.0,1.0,0.01053608302026987
pilot_sokoban,sokoban_heldout_0018_31245_compact,sokoban_heldout_0018_31245,sokoban,heldout,Qwen/Qwen3-1.7B,compact,parsed_actions,False,unknown_invalid,158,14,11.285714285714286,0.0,0.0,1.0,0.0036813339684158564
pilot_satellite,satellite_heldout_0016_442418_compact,satellite_heldout_0016_442418,satellite,heldout,Qwen/Qwen3-1.7B,compact,parsed_actions,False,unknown_invalid,228,21,10.857142857142858,2.0,2.0,1.0,0.0036707499530166388
pilot_satellite,satellite_heldout_0017_33327_standard,satellite_heldout_0017_33327,satellite,heldout,Qwen/Qwen3-1.7B,standard,parsed_actions,False,validator_crash,211,14,15.071428571428571,0.0,0.0,1.0,0.012133958982303739
pilot_sokoban,sokoban_heldout_0019_98247_standard,sokoban_heldout_0019_98247,sokoban,heldout,Qwen/Qwen3-1.7B,standard,parsed_actions,False,unknown_invalid,157,33,4.757575757575758,0.0,0.0,1.0,0.004251000005751848
pilot_satellite,satellite_heldout_0017_33327_anonymized,satellite_heldout_0017_33327,satellite,heldout,Qwen/Qwen3-1.7B,anonymized,parsed_actions,False,unknown_invalid,214,14,15.285714285714286,0.0,0.0,1.0,0.004029916133731604
pilot_sokoban,sokoban_heldout_0019_98247_anonymized,sokoban_heldout_0019_98247,sokoban,heldout,Qwen/Qwen3-1.7B,anonymized,parsed_actions,False,unknown_invalid,157,33,4.757575757575758,0.0,0.0,1.0,0.0032809998374432325
pilot_satellite,satellite_heldout_0017_33327_compact,satellite_heldout_0017_33327,satellite,heldout,Qwen/Qwen3-1.7B,compact,parsed_actions,False,unknown_invalid,222,14,15.857142857142858,0.0,0.0,1.0,0.0035969580058008432
pilot_sokoban,sokoban_heldout_0019_98247_compact,sokoban_heldout_0019_98247,sokoban,heldout,Qwen/Qwen3-1.7B,compact,parsed_actions,False,unknown_invalid,158,33,4.787878787878788,0.0,0.0,1.0,0.0036504168529063463
pilot_satellite,satellite_heldout_0018_31245_standard,satellite_heldout_0018_31245,satellite,heldout,Qwen/Qwen3-1.7B,standard,parsed_actions,False,unknown_invalid,31,15,2.066666666666667,2.0,2.0,1.0,0.003562083002179861
pilot_satellite,satellite_heldout_0018_31245_anonymized,satellite_heldout_0018_31245,satellite,heldout,Qwen/Qwen3-1.7B,anonymized,parsed_actions,False,validator_crash,234,15,15.6,2.0,2.0,1.0,0.011671417159959674
pilot_sokoban,sokoban_heldout_0021_243963_standard,sokoban_heldout_0021_243963,sokoban,heldout,Qwen/Qwen3-1.7B,standard,parsed_actions,False,unknown_invalid,157,36,4.361111111111111,1.0,1.0,1.0,0.003946041921153665
pilot_sokoban,sokoban_heldout_0021_243963_anonymized,sokoban_heldout_0021_243963,sokoban,heldout,Qwen/Qwen3-1.7B,anonymized,parsed_actions,False,unknown_invalid,158,36,4.388888888888889,1.0,1.0,1.0,0.003621916053816676
pilot_satellite,satellite_heldout_0018_31245_compact,satellite_heldout_0018_31245,satellite,heldout,Qwen/Qwen3-1.7B,compact,parsed_actions,False,unknown_invalid,31,15,2.066666666666667,2.0,2.0,1.0,0.0031862908508628607
pilot_sokoban,sokoban_heldout_0021_243963_compact,sokoban_heldout_0021_243963,sokoban,heldout,Qwen/Qwen3-1.7B,compact,parsed_actions,False,unknown_invalid,157,36,4.361111111111111,1.0,1.0,1.0,0.003446792019531131
pilot_satellite,satellite_heldout_0019_98247_standard,satellite_heldout_0019_98247,satellite,heldout,Qwen/Qwen3-1.7B,standard,parsed_actions,False,unknown_invalid,17,11,1.5454545454545454,3.0,3.0,1.0,0.0033690831623971462
pilot_sokoban,sokoban_heldout_0023_631263_standard,sokoban_heldout_0023_631263,sokoban,heldout,Qwen/Qwen3-1.7B,standard,parsed_actions,False,unknown_invalid,158,74,2.135135135135135,0.0,0.0,1.0,0.004054208053275943
pilot_satellite,satellite_heldout_0019_98247_anonymized,satellite_heldout_0019_98247,satellite,heldout,Qwen/Qwen3-1.7B,anonymized,parsed_actions,False,unknown_invalid,17,11,1.5454545454545454,3.0,3.0,1.0,0.003218166995793581
pilot_sokoban,sokoban_heldout_0023_631263_anonymized,sokoban_heldout_0023_631263,sokoban,heldout,Qwen/Qwen3-1.7B,anonymized,parsed_actions,False,unknown_invalid,157,74,2.1216216216216215,0.0,0.0,1.0,0.0034657090436667204
pilot_sokoban,sokoban_heldout_0023_631263_compact,sokoban_heldout_0023_631263,sokoban,heldout,Qwen/Qwen3-1.7B,compact,parsed_actions,False,unknown_invalid,158,74,2.135135135135135,0.0,0.0,1.0,0.0033491249196231365
pilot_satellite,satellite_heldout_0019_98247_compact,satellite_heldout_0019_98247,satellite,heldout,Qwen/Qwen3-1.7B,compact,parsed_actions,False,unknown_invalid,26,11,2.3636363636363638,3.0,3.0,1.0,0.0031567919068038464
pilot_sokoban,sokoban_heldout_0024_27825_standard,sokoban_heldout_0024_27825,sokoban,heldout,Qwen/Qwen3-1.7B,standard,parsed_actions,False,unknown_invalid,157,43,3.6511627906976742,0.0,0.0,1.0,0.003427540883421898
pilot_satellite,satellite_heldout_0020_229259_standard,satellite_heldout_0020_229259,satellite,heldout,Qwen/Qwen3-1.7B,standard,parsed_actions,False,unknown_invalid,17,11,1.5454545454545454,2.0,2.0,1.0,0.003133667167276144
pilot_satellite,satellite_heldout_0020_229259_anonymized,satellite_heldout_0020_229259,satellite,heldout,Qwen/Qwen3-1.7B,anonymized,parsed_actions,False,unknown_invalid,20,11,1.8181818181818181,2.0,2.0,1.0,0.0029790829867124557
pilot_satellite,satellite_heldout_0020_229259_compact,satellite_heldout_0020_229259,satellite,heldout,Qwen/Qwen3-1.7B,compact,parsed_actions,False,unknown_invalid,14,11,1.2727272727272727,2.0,2.0,1.0,0.003132541896775365
pilot_satellite,satellite_heldout_0021_243963_standard,satellite_heldout_0021_243963,satellite,heldout,Qwen/Qwen3-1.7B,standard,parsed_actions,False,unknown_invalid,198,17,11.647058823529411,2.0,2.0,1.0,0.0036290420684963465
pilot_sokoban,sokoban_heldout_0024_27825_anonymized,sokoban_heldout_0024_27825,sokoban,heldout,Qwen/Qwen3-1.7B,anonymized,parsed_actions,False,unknown_invalid,158,43,3.6744186046511627,0.0,0.0,1.0,0.003163540968671441
pilot_satellite,satellite_heldout_0021_243963_anonymized,satellite_heldout_0021_243963,satellite,heldout,Qwen/Qwen3-1.7B,anonymized,parsed_actions,False,unknown_invalid,23,17,1.3529411764705883,2.0,2.0,1.0,0.003068125108256936
pilot_sokoban,sokoban_heldout_0024_27825_compact,sokoban_heldout_0024_27825,sokoban,heldout,Qwen/Qwen3-1.7B,compact,parsed_actions,False,unknown_invalid,158,43,3.6744186046511627,0.0,0.0,1.0,0.003334915963932872
pilot_satellite,satellite_heldout_0021_243963_compact,satellite_heldout_0021_243963,satellite,heldout,Qwen/Qwen3-1.7B,compact,parsed_actions,False,validator_crash,191,17,11.235294117647058,2.0,2.0,1.0,0.01115716714411974
pilot_satellite,satellite_heldout_0022_529904_standard,satellite_heldout_0022_529904,satellite,heldout,Qwen/Qwen3-1.7B,standard,parsed_actions,False,unknown_invalid,27,28,0.9642857142857143,2.0,2.0,1.0,0.003648041980341077
pilot_satellite,satellite_heldout_0022_529904_anonymized,satellite_heldout_0022_529904,satellite,heldout,Qwen/Qwen3-1.7B,anonymized,parsed_actions,False,validator_crash,22,28,0.7857142857142857,0.0,0.0,1.0,0.011467042146250606
pilot_satellite,satellite_heldout_0022_529904_compact,satellite_heldout_0022_529904,satellite,heldout,Qwen/Qwen3-1.7B,compact,parsed_actions,False,unknown_invalid,22,28,0.7857142857142857,0.0,0.0,1.0,0.003413249971345067
pilot_satellite,satellite_heldout_0023_631263_standard,satellite_heldout_0023_631263,satellite,heldout,Qwen/Qwen3-1.7B,standard,parsed_actions,False,unknown_invalid,24,12,2.0,0.0,0.0,1.0,0.003297042101621628
pilot_satellite,satellite_heldout_0023_631263_anonymized,satellite_heldout_0023_631263,satellite,heldout,Qwen/Qwen3-1.7B,anonymized,parsed_actions,False,unknown_invalid,22,12,1.8333333333333333,0.0,0.0,1.0,0.002965291030704975
pilot_satellite,satellite_heldout_0023_631263_compact,satellite_heldout_0023_631263,satellite,heldout,Qwen/Qwen3-1.7B,compact,parsed_actions,False,unknown_invalid,14,12,1.1666666666666667,0.0,0.0,1.0,0.0033281249925494194
pilot_satellite,satellite_heldout_0024_27825_standard,satellite_heldout_0024_27825,satellite,heldout,Qwen/Qwen3-1.7B,standard,parsed_actions,False,validator_crash,215,18,11.944444444444445,3.0,3.0,1.0,0.012081542052328587
pilot_satellite,satellite_heldout_0024_27825_anonymized,satellite_heldout_0024_27825,satellite,heldout,Qwen/Qwen3-1.7B,anonymized,parsed_actions,False,validator_crash,215,18,11.944444444444445,3.0,3.0,1.0,0.011789249954745173
pilot_satellite,satellite_heldout_0024_27825_compact,satellite_heldout_0024_27825,satellite,heldout,Qwen/Qwen3-1.7B,compact,parsed_actions,False,unknown_invalid,230,18,12.777777777777779,3.0,3.0,1.0,0.003937625093385577
pilot_miconic,miconic_heldout_0000_670488_standard,miconic_heldout_0000_670488,miconic,heldout,Qwen/Qwen3-1.7B,standard,parsed_actions,True,valid,3,3,1.0,3.0,,1.0,0.003048208076506853
pilot_transport,transport_heldout_0000_670488_standard,transport_heldout_0000_670488,transport,heldout,Qwen/Qwen3-1.7B,standard,parsed_actions,False,unknown_invalid,8,9,0.8888888888888888,1.0,1.0,1.0,0.003091417020186782
pilot_miconic,miconic_heldout_0000_670488_anonymized,miconic_heldout_0000_670488,miconic,heldout,Qwen/Qwen3-1.7B,anonymized,parsed_actions,True,valid,3,3,1.0,3.0,,1.0,0.0027690420392900705
pilot_miconic,miconic_heldout_0000_670488_compact,miconic_heldout_0000_670488,miconic,heldout,Qwen/Qwen3-1.7B,compact,parsed_actions,True,valid,3,3,1.0,3.0,,1.0,0.00285529182292521
pilot_transport,transport_heldout_0000_670488_anonymized,transport_heldout_0000_670488,transport,heldout,Qwen/Qwen3-1.7B,anonymized,parsed_actions,False,unknown_invalid,11,9,1.2222222222222223,1.0,1.0,1.0,0.003297083079814911
pilot_transport,transport_heldout_0000_670488_compact,transport_heldout_0000_670488,transport,heldout,Qwen/Qwen3-1.7B,compact,parsed_actions,False,unknown_invalid,8,9,0.8888888888888888,1.0,1.0,1.0,0.003155332989990711
pilot_sokoban,sokoban_heldout_0000_670488_standard,sokoban_heldout_0000_670488,sokoban,heldout,Qwen/Qwen3-1.7B,standard,parsed_actions,False,unknown_invalid,148,15,9.866666666666667,0.0,0.0,1.0,0.0034651251044124365
pilot_miconic,miconic_heldout_0001_116740_standard,miconic_heldout_0001_116740,miconic,heldout,Qwen/Qwen3-1.7B,standard,parsed_actions,False,validator_crash,342,15,22.8,0.0,0.0,1.0,0.01094674994237721
pilot_satellite,satellite_heldout_0000_670488_standard,satellite_heldout_0000_670488,satellite,heldout,Qwen/Qwen3-1.7B,standard,parsed_actions,False,validator_crash,228,18,12.666666666666666,1.0,1.0,1.0,0.011371875181794167
pilot_transport,transport_heldout_0001_116740_standard,transport_heldout_0001_116740,transport,heldout,Qwen/Qwen3-1.7B,standard,parsed_actions,False,unknown_invalid,136,3,45.333333333333336,2.0,2.0,1.0,0.003662416012957692
pilot_transport,transport_heldout_0001_116740_anonymized,transport_heldout_0001_116740,transport,heldout,Qwen/Qwen3-1.7B,anonymized,parsed_actions,False,unknown_invalid,11,3,3.6666666666666665,2.0,2.0,1.0,0.003083999967202544
pilot_transport,transport_heldout_0001_116740_compact,transport_heldout_0001_116740,transport,heldout,Qwen/Qwen3-1.7B,compact,parsed_actions,False,unknown_invalid,11,3,3.6666666666666665,2.0,2.0,1.0,0.0031918329186737537
pilot_transport,transport_heldout_0002_26226_standard,transport_heldout_0002_26226,transport,heldout,Qwen/Qwen3-1.7B,standard,parsed_actions,False,unknown_invalid,13,10,1.3,2.0,2.0,1.0,0.003200375009328127
pilot_transport,transport_heldout_0002_26226_anonymized,transport_heldout_0002_26226,transport,heldout,Qwen/Qwen3-1.7B,anonymized,parsed_actions,False,unknown_invalid,13,10,1.3,2.0,2.0,1.0,0.00339908292517066
pilot_transport,transport_heldout_0002_26226_compact,transport_heldout_0002_26226,transport,heldout,Qwen/Qwen3-1.7B,compact,parsed_actions,False,unknown_invalid,13,10,1.3,2.0,2.0,1.0,0.0035552498884499073
pilot_transport,transport_heldout_0003_777573_standard,transport_heldout_0003_777573,transport,heldout,Qwen/Qwen3-1.7B,standard,parsed_actions,False,unknown_invalid,8,5,1.6,2.0,2.0,1.0,0.0031495001167058945
pilot_transport,transport_heldout_0003_777573_anonymized,transport_heldout_0003_777573,transport,heldout,Qwen/Qwen3-1.7B,anonymized,parsed_actions,False,unknown_invalid,8,5,1.6,2.0,2.0,1.0,0.0031050830148160458
pilot_transport,transport_heldout_0003_777573_compact,transport_heldout_0003_777573,transport,heldout,Qwen/Qwen3-1.7B,compact,parsed_actions,False,unknown_invalid,8,5,1.6,2.0,2.0,1.0,0.003364834003150463
pilot_miconic,miconic_heldout_0001_116740_anonymized,miconic_heldout_0001_116740,miconic,heldout,Qwen/Qwen3-1.7B,anonymized,parsed_actions,False,validator_crash,342,15,22.8,0.0,0.0,1.0,0.011324041988700628
pilot_transport,transport_heldout_0004_288390_standard,transport_heldout_0004_288390,transport,heldout,Qwen/Qwen3-1.7B,standard,parsed_actions,False,unknown_invalid,20,12,1.6666666666666667,2.0,2.0,1.0,0.0033793330658227205
pilot_sokoban,sokoban_heldout_0000_670488_anonymized,sokoban_heldout_0000_670488,sokoban,heldout,Qwen/Qwen3-1.7B,anonymized,parsed_actions,False,unknown_invalid,157,15,10.466666666666667,0.0,0.0,1.0,0.00328662502579391
pilot_miconic,miconic_heldout_0001_116740_compact,miconic_heldout_0001_116740,miconic,heldout,Qwen/Qwen3-1.7B,compact,parsed_actions,False,unknown_invalid,14,15,0.9333333333333333,0.0,0.0,1.0,0.0027941251173615456
pilot_satellite,satellite_heldout_0000_670488_anonymized,satellite_heldout_0000_670488,satellite,heldout,Qwen/Qwen3-1.7B,anonymized,parsed_actions,False,validator_crash,228,18,12.666666666666666,1.0,1.0,1.0,0.011007958091795444
pilot_miconic,miconic_heldout_0002_26226_standard,miconic_heldout_0002_26226,miconic,heldout,Qwen/Qwen3-1.7B,standard,parsed_actions,False,unknown_invalid,26,18,1.4444444444444444,0.0,0.0,1.0,0.0037652498576790094
pilot_miconic,miconic_heldout_0002_26226_anonymized,miconic_heldout_0002_26226,miconic,heldout,Qwen/Qwen3-1.7B,anonymized,parsed_actions,False,unknown_invalid,22,18,1.2222222222222223,0.0,0.0,1.0,0.00432516704313457
pilot_satellite,satellite_heldout_0000_670488_compact,satellite_heldout_0000_670488,satellite,heldout,Qwen/Qwen3-1.7B,compact,parsed_actions,False,unknown_invalid,30,18,1.6666666666666667,2.0,2.0,1.0,0.003674417035654187
pilot_transport,transport_heldout_0004_288390_anonymized,transport_heldout_0004_288390,transport,heldout,Qwen/Qwen3-1.7B,anonymized,parsed_actions,False,unknown_invalid,31,12,2.5833333333333335,11.0,11.0,1.0,0.0034060420002788305
pilot_miconic,miconic_heldout_0002_26226_compact,miconic_heldout_0002_26226,miconic,heldout,Qwen/Qwen3-1.7B,compact,parsed_actions,False,unknown_invalid,22,18,1.2222222222222223,0.0,0.0,1.0,0.0031046250369399786
pilot_miconic,miconic_heldout_0003_777573_standard,miconic_heldout_0003_777573,miconic,heldout,Qwen/Qwen3-1.7B,standard,parsed_actions,False,unknown_invalid,6,6,1.0,0.0,0.0,1.0,0.002985375002026558
pilot_miconic,miconic_heldout_0003_777573_anonymized,miconic_heldout_0003_777573,miconic,heldout,Qwen/Qwen3-1.7B,anonymized,parsed_actions,False,unknown_invalid,6,6,1.0,0.0,0.0,1.0,0.003051457926630974
pilot_miconic,miconic_heldout_0003_777573_compact,miconic_heldout_0003_777573,miconic,heldout,Qwen/Qwen3-1.7B,compact,parsed_actions,False,unknown_invalid,6,6,1.0,0.0,0.0,1.0,0.0030127079226076603
pilot_miconic,miconic_heldout_0004_288390_standard,miconic_heldout_0004_288390,miconic,heldout,Qwen/Qwen3-1.7B,standard,parsed_actions,False,unknown_invalid,7,8,0.875,0.0,0.0,1.0,0.0028982500080019236
pilot_satellite,satellite_heldout_0001_116740_standard,satellite_heldout_0001_116740,satellite,heldout,Qwen/Qwen3-1.7B,standard,parsed_actions,False,unknown_invalid,23,22,1.0454545454545454,0.0,0.0,1.0,0.002982750069350004
pilot_miconic,miconic_heldout_0004_288390_anonymized,miconic_heldout_0004_288390,miconic,heldout,Qwen/Qwen3-1.7B,anonymized,parsed_actions,False,unknown_invalid,7,8,0.875,0.0,0.0,1.0,0.003169375006109476
pilot_miconic,miconic_heldout_0004_288390_compact,miconic_heldout_0004_288390,miconic,heldout,Qwen/Qwen3-1.7B,compact,parsed_actions,False,unknown_invalid,7,8,0.875,0.0,0.0,1.0,0.0029753749258816242
pilot_transport,transport_heldout_0004_288390_compact,transport_heldout_0004_288390,transport,heldout,Qwen/Qwen3-1.7B,compact,parsed_actions,False,unknown_invalid,15,12,1.25,2.0,2.0,1.0,0.0029718750156462193
pilot_miconic,miconic_heldout_0005_256788_standard,miconic_heldout_0005_256788,miconic,heldout,Qwen/Qwen3-1.7B,standard,parsed_actions,True,valid,3,3,1.0,3.0,,1.0,0.002844542032107711
pilot_miconic,miconic_heldout_0005_256788_anonymized,miconic_heldout_0005_256788,miconic,heldout,Qwen/Qwen3-1.7B,anonymized,parsed_actions,True,valid,3,3,1.0,3.0,,1.0,0.002844874979928136
pilot_miconic,miconic_heldout_0005_256788_compact,miconic_heldout_0005_256788,miconic,heldout,Qwen/Qwen3-1.7B,compact,parsed_actions,True,valid,3,3,1.0,3.0,,1.0,0.0028118339832872152
pilot_transport,transport_heldout_0005_256788_standard,transport_heldout_0005_256788,transport,heldout,Qwen/Qwen3-1.7B,standard,parsed_actions,False,unknown_invalid,12,12,1.0,1.0,1.0,1.0,0.0029742910992354155
pilot_transport,transport_heldout_0005_256788_anonymized,transport_heldout_0005_256788,transport,heldout,Qwen/Qwen3-1.7B,anonymized,parsed_actions,False,unknown_invalid,12,12,1.0,1.0,1.0,1.0,0.0029555419459939003
pilot_transport,transport_heldout_0005_256788_compact,transport_heldout_0005_256788,transport,heldout,Qwen/Qwen3-1.7B,compact,parsed_actions,False,unknown_invalid,12,12,1.0,1.0,1.0,1.0,0.003139374777674675
pilot_transport,transport_heldout_0006_234054_standard,transport_heldout_0006_234054,transport,heldout,Qwen/Qwen3-1.7B,standard,parsed_actions,False,unknown_invalid,21,12,1.75,1.0,1.0,1.0,0.003203457919880748
pilot_sokoban,sokoban_heldout_0000_670488_compact,sokoban_heldout_0000_670488,sokoban,heldout,Qwen/Qwen3-1.7B,compact,parsed_actions,False,unknown_invalid,158,15,10.533333333333333,0.0,0.0,1.0,0.003376958891749382
pilot_transport,transport_heldout_0006_234054_anonymized,transport_heldout_0006_234054,transport,heldout,Qwen/Qwen3-1.7B,anonymized,parsed_actions,False,unknown_invalid,23,12,1.9166666666666667,1.0,1.0,1.0,0.003072457853704691
pilot_transport,transport_heldout_0006_234054_compact,transport_heldout_0006_234054,transport,heldout,Qwen/Qwen3-1.7B,compact,parsed_actions,False,unknown_invalid,21,12,1.75,1.0,1.0,1.0,0.0030956249684095383
pilot_transport,transport_heldout_0007_146317_standard,transport_heldout_0007_146317,transport,heldout,Qwen/Qwen3-1.7B,standard,parsed_actions,False,unknown_invalid,4,6,0.6666666666666666,1.0,1.0,1.0,0.0030088338535279036
pilot_transport,transport_heldout_0007_146317_anonymized,transport_heldout_0007_146317,transport,heldout,Qwen/Qwen3-1.7B,anonymized,parsed_actions,False,validator_crash,6,6,1.0,3.0,3.0,1.0,0.010725124971941113
pilot_transport,transport_heldout_0007_146317_compact,transport_heldout_0007_146317,transport,heldout,Qwen/Qwen3-1.7B,compact,parsed_actions,False,unknown_invalid,4,6,0.6666666666666666,1.0,1.0,1.0,0.0033569580409675837
pilot_satellite,satellite_heldout_0001_116740_anonymized,satellite_heldout_0001_116740,satellite,heldout,Qwen/Qwen3-1.7B,anonymized,parsed_actions,False,validator_crash,213,22,9.681818181818182,0.0,0.0,1.0,0.011994041036814451
pilot_miconic,miconic_heldout_0006_234054_standard,miconic_heldout_0006_234054,miconic,heldout,Qwen/Qwen3-1.7B,standard,parsed_actions,False,validator_crash,342,17,20.11764705882353,3.0,3.0,1.0,0.011463959002867341
pilot_transport,transport_heldout_0008_772247_standard,transport_heldout_0008_772247,transport,heldout,Qwen/Qwen3-1.7B,standard,parsed_actions,False,unknown_invalid,8,9,0.8888888888888888,1.0,1.0,1.0,0.0035512088797986507
pilot_transport,transport_heldout_0008_772247_anonymized,transport_heldout_0008_772247,transport,heldout,Qwen/Qwen3-1.7B,anonymized,parsed_actions,False,unknown_invalid,12,9,1.3333333333333333,2.0,2.0,1.0,0.0038848749827593565
pilot_transport,transport_heldout_0008_772247_compact,transport_heldout_0008_772247,transport,heldout,Qwen/Qwen3-1.7B,compact,parsed_actions,False,unknown_invalid,12,9,1.3333333333333333,2.0,2.0,1.0,0.003318500006571412
pilot_transport,transport_heldout_0009_107474_standard,transport_heldout_0009_107474,transport,heldout,Qwen/Qwen3-1.7B,standard,parsed_actions,False,unknown_invalid,9,4,2.25,2.0,2.0,1.0,0.0032841661013662815
pilot_transport,transport_heldout_0009_107474_anonymized,transport_heldout_0009_107474,transport,heldout,Qwen/Qwen3-1.7B,anonymized,parsed_actions,False,unknown_invalid,11,4,2.75,1.0,1.0,1.0,0.003541500074788928
pilot_transport,transport_heldout_0009_107474_compact,transport_heldout_0009_107474,transport,heldout,Qwen/Qwen3-1.7B,compact,parsed_actions,False,unknown_invalid,8,4,2.0,2.0,2.0,1.0,0.0034659169614315033
pilot_transport,transport_heldout_0010_709571_standard,transport_heldout_0010_709571,transport,heldout,Qwen/Qwen3-1.7B,standard,parsed_actions,False,unknown_invalid,12,10,1.2,1.0,1.0,1.0,0.0032329580280929804
pilot_transport,transport_heldout_0010_709571_anonymized,transport_heldout_0010_709571,transport,heldout,Qwen/Qwen3-1.7B,anonymized,parsed_actions,False,unknown_invalid,11,10,1.1,2.0,2.0,1.0,0.0030442499555647373
pilot_sokoban,sokoban_heldout_0001_116740_standard,sokoban_heldout_0001_116740,sokoban,heldout,Qwen/Qwen3-1.7B,standard,parsed_actions,False,unknown_invalid,158,35,4.514285714285714,1.0,1.0,1.0,0.003433709032833576
pilot_transport,transport_heldout_0010_709571_compact,transport_heldout_0010_709571,transport,heldout,Qwen/Qwen3-1.7B,compact,parsed_actions,False,unknown_invalid,14,10,1.4,2.0,2.0,1.0,0.003268708009272814
pilot_transport,transport_heldout_0011_776647_standard,transport_heldout_0011_776647,transport,heldout,Qwen/Qwen3-1.7B,standard,parsed_actions,False,unknown_invalid,17,13,1.3076923076923077,1.0,1.0,1.0,0.003297625109553337
pilot_miconic,miconic_heldout_0006_234054_anonymized,miconic_heldout_0006_234054,miconic,heldout,Qwen/Qwen3-1.7B,anonymized,parsed_actions,False,validator_crash,342,17,20.11764705882353,3.0,3.0,1.0,0.010821166913956404
pilot_satellite,satellite_heldout_0001_116740_compact,satellite_heldout_0001_116740,satellite,heldout,Qwen/Qwen3-1.7B,compact,parsed_actions,False,validator_crash,209,22,9.5,0.0,0.0,1.0,0.011280790902674198
pilot_transport,transport_heldout_0011_776647_anonymized,transport_heldout_0011_776647,transport,heldout,Qwen/Qwen3-1.7B,anonymized,parsed_actions,False,unknown_invalid,17,13,1.3076923076923077,1.0,1.0,1.0,0.0037444999907165766
pilot_miconic,miconic_heldout_0006_234054_compact,miconic_heldout_0006_234054,miconic,heldout,Qwen/Qwen3-1.7B,compact,parsed_actions,False,unknown_invalid,25,17,1.4705882352941178,1.0,1.0,1.0,0.0031402078457176685
pilot_transport,transport_heldout_0011_776647_compact,transport_heldout_0011_776647,transport,heldout,Qwen/Qwen3-1.7B,compact,parsed_actions,False,unknown_invalid,14,13,1.0769230769230769,3.0,3.0,1.0,0.0032224589958786964
pilot_transport,transport_heldout_0012_935519_standard,transport_heldout_0012_935519,transport,heldout,Qwen/Qwen3-1.7B,standard,parsed_actions,False,unknown_invalid,13,24,0.5416666666666666,1.0,1.0,1.0,0.003019374795258045
pilot_transport,transport_heldout_0012_935519_anonymized,transport_heldout_0012_935519,transport,heldout,Qwen/Qwen3-1.7B,anonymized,parsed_actions,False,unknown_invalid,13,24,0.5416666666666666,1.0,1.0,1.0,0.002927041845396161
pilot_transport,transport_heldout_0012_935519_compact,transport_heldout_0012_935519,transport,heldout,Qwen/Qwen3-1.7B,compact,parsed_actions,False,unknown_invalid,20,24,0.8333333333333334,3.0,3.0,1.0,0.003587916027754545
pilot_transport,transport_heldout_0013_571859_standard,transport_heldout_0013_571859,transport,heldout,Qwen/Qwen3-1.7B,standard,parsed_actions,False,unknown_invalid,2,8,0.25,1.0,1.0,1.0,0.0032282499596476555
pilot_transport,transport_heldout_0013_571859_anonymized,transport_heldout_0013_571859,transport,heldout,Qwen/Qwen3-1.7B,anonymized,parsed_actions,False,unknown_invalid,2,8,0.25,1.0,1.0,1.0,0.003053625114262104
pilot_transport,transport_heldout_0013_571859_compact,transport_heldout_0013_571859,transport,heldout,Qwen/Qwen3-1.7B,compact,parsed_actions,False,unknown_invalid,2,8,0.25,1.0,1.0,1.0,0.0032785001676529646
pilot_transport,transport_heldout_0014_91162_standard,transport_heldout_0014_91162,transport,heldout,Qwen/Qwen3-1.7B,standard,parsed_actions,False,unknown_invalid,8,6,1.3333333333333333,1.0,1.0,1.0,0.0031152081210166216
pilot_sokoban,sokoban_heldout_0001_116740_anonymized,sokoban_heldout_0001_116740,sokoban,heldout,Qwen/Qwen3-1.7B,anonymized,parsed_actions,False,unknown_invalid,157,35,4.485714285714286,1.0,1.0,1.0,0.003200083039700985
pilot_transport,transport_heldout_0014_91162_anonymized,transport_heldout_0014_91162,transport,heldout,Qwen/Qwen3-1.7B,anonymized,parsed_actions,False,unknown_invalid,8,6,1.3333333333333333,1.0,1.0,1.0,0.003200500039383769
pilot_transport,transport_heldout_0014_91162_compact,transport_heldout_0014_91162,transport,heldout,Qwen/Qwen3-1.7B,compact,parsed_actions,False,unknown_invalid,8,6,1.3333333333333333,1.0,1.0,1.0,0.00295279105193913
pilot_transport,transport_heldout_0015_619177_standard,transport_heldout_0015_619177,transport,heldout,Qwen/Qwen3-1.7B,standard,parsed_actions,False,validator_crash,13,15,0.8666666666666667,1.0,1.0,1.0,0.010933584067970514
pilot_satellite,satellite_heldout_0002_26226_standard,satellite_heldout_0002_26226,satellite,heldout,Qwen/Qwen3-1.7B,standard,parsed_actions,False,validator_crash,219,15,14.6,2.0,2.0,1.0,0.011707083089277148
pilot_transport,transport_heldout_0015_619177_anonymized,transport_heldout_0015_619177,transport,heldout,Qwen/Qwen3-1.7B,anonymized,parsed_actions,False,validator_crash,18,15,1.2,3.0,3.0,1.0,0.011046916944906116
pilot_miconic,miconic_heldout_0007_146317_standard,miconic_heldout_0007_146317,miconic,heldout,Qwen/Qwen3-1.7B,standard,parsed_actions,False,unknown_invalid,342,10,34.2,1.0,1.0,1.0,0.003377583110705018
pilot_miconic,miconic_heldout_0007_146317_anonymized,miconic_heldout_0007_146317,miconic,heldout,Qwen/Qwen3-1.7B,anonymized,parsed_actions,False,unknown_invalid,9,10,0.9,0.0,0.0,1.0,0.002910166047513485
pilot_miconic,miconic_heldout_0007_146317_compact,miconic_heldout_0007_146317,miconic,heldout,Qwen/Qwen3-1.7B,compact,parsed_actions,False,unknown_invalid,18,10,1.8,1.0,1.0,1.0,0.0031612501479685307
pilot_miconic,miconic_heldout_0008_772247_standard,miconic_heldout_0008_772247,miconic,heldout,Qwen/Qwen3-1.7B,standard,parsed_actions,False,unknown_invalid,9,6,1.5,0.0,0.0,1.0,0.0028584159445017576
pilot_transport,transport_heldout_0015_619177_compact,transport_heldout_0015_619177,transport,heldout,Qwen/Qwen3-1.7B,compact,parsed_actions,False,unknown_invalid,17,15,1.1333333333333333,1.0,1.0,1.0,0.003333957865834236
pilot_miconic,miconic_heldout_0008_772247_anonymized,miconic_heldout_0008_772247,miconic,heldout,Qwen/Qwen3-1.7B,anonymized,parsed_actions,False,unknown_invalid,9,6,1.5,0.0,0.0,1.0,0.0034917909651994705
pilot_miconic,miconic_heldout_0008_772247_compact,miconic_heldout_0008_772247,miconic,heldout,Qwen/Qwen3-1.7B,compact,parsed_actions,False,unknown_invalid,9,6,1.5,0.0,0.0,1.0,0.003278749994933605
pilot_miconic,miconic_heldout_0009_107474_standard,miconic_heldout_0009_107474,miconic,heldout,Qwen/Qwen3-1.7B,standard,parsed_actions,False,unknown_invalid,13,9,1.4444444444444444,2.0,2.0,1.0,0.0032226669136434793
pilot_miconic,miconic_heldout_0009_107474_anonymized,miconic_heldout_0009_107474,miconic,heldout,Qwen/Qwen3-1.7B,anonymized,parsed_actions,False,unknown_invalid,9,9,1.0,8.0,8.0,1.0,0.0032191670034080744
pilot_miconic,miconic_heldout_0009_107474_compact,miconic_heldout_0009_107474,miconic,heldout,Qwen/Qwen3-1.7B,compact,parsed_actions,False,unknown_invalid,9,9,1.0,8.0,8.0,1.0,0.0030818330124020576
pilot_miconic,miconic_heldout_0010_709571_standard,miconic_heldout_0010_709571,miconic,heldout,Qwen/Qwen3-1.7B,standard,parsed_actions,False,unknown_invalid,8,5,1.6,2.0,2.0,1.0,0.002846249844878912
pilot_transport,transport_heldout_0016_442418_standard,transport_heldout_0016_442418,transport,heldout,Qwen/Qwen3-1.7B,standard,parsed_actions,False,unknown_invalid,23,17,1.3529411764705883,1.0,1.0,1.0,0.0031510000117123127
pilot_miconic,miconic_heldout_0010_709571_anonymized,miconic_heldout_0010_709571,miconic,heldout,Qwen/Qwen3-1.7B,anonymized,parsed_actions,False,unknown_invalid,6,5,1.2,3.0,3.0,1.0,0.003120250068604946
pilot_miconic,miconic_heldout_0010_709571_compact,miconic_heldout_0010_709571,miconic,heldout,Qwen/Qwen3-1.7B,compact,parsed_actions,False,unknown_invalid,6,5,1.2,3.0,3.0,1.0,0.0031833341345191
pilot_miconic,miconic_heldout_0011_776647_standard,miconic_heldout_0011_776647,miconic,heldout,Qwen/Qwen3-1.7B,standard,parsed_actions,False,unknown_invalid,3,4,0.75,0.0,0.0,1.0,0.0030799999367445707
pilot_miconic,miconic_heldout_0011_776647_anonymized,miconic_heldout_0011_776647,miconic,heldout,Qwen/Qwen3-1.7B,anonymized,parsed_actions,False,unknown_invalid,3,4,0.75,0.0,0.0,1.0,0.002986291889101267
pilot_miconic,miconic_heldout_0011_776647_compact,miconic_heldout_0011_776647,miconic,heldout,Qwen/Qwen3-1.7B,compact,parsed_actions,False,unknown_invalid,3,4,0.75,0.0,0.0,1.0,0.0031493748538196087
pilot_miconic,miconic_heldout_0012_935519_standard,miconic_heldout_0012_935519,miconic,heldout,Qwen/Qwen3-1.7B,standard,parsed_actions,False,unknown_invalid,12,17,0.7058823529411765,0.0,0.0,1.0,0.0028976670000702143
pilot_miconic,miconic_heldout_0012_935519_anonymized,miconic_heldout_0012_935519,miconic,heldout,Qwen/Qwen3-1.7B,anonymized,parsed_actions,False,unknown_invalid,12,17,0.7058823529411765,0.0,0.0,1.0,0.0030411668121814728
pilot_transport,transport_heldout_0016_442418_anonymized,transport_heldout_0016_442418,transport,heldout,Qwen/Qwen3-1.7B,anonymized,parsed_actions,False,unknown_invalid,23,17,1.3529411764705883,1.0,1.0,1.0,0.003174541052430868
pilot_miconic,miconic_heldout_0012_935519_compact,miconic_heldout_0012_935519,miconic,heldout,Qwen/Qwen3-1.7B,compact,parsed_actions,False,unknown_invalid,17,17,1.0,1.0,1.0,1.0,0.00303283310495317
pilot_miconic,miconic_heldout_0013_571859_standard,miconic_heldout_0013_571859,miconic,heldout,Qwen/Qwen3-1.7B,standard,parsed_actions,False,unknown_invalid,6,6,1.0,0.0,0.0,1.0,0.0028422921895980835
pilot_miconic,miconic_heldout_0013_571859_anonymized,miconic_heldout_0013_571859,miconic,heldout,Qwen/Qwen3-1.7B,anonymized,parsed_actions,False,unknown_invalid,6,6,1.0,0.0,0.0,1.0,0.002928250003606081
pilot_miconic,miconic_heldout_0013_571859_compact,miconic_heldout_0013_571859,miconic,heldout,Qwen/Qwen3-1.7B,compact,parsed_actions,False,unknown_invalid,6,6,1.0,0.0,0.0,1.0,0.002871749922633171
pilot_miconic,miconic_heldout_0014_91162_standard,miconic_heldout_0014_91162,miconic,heldout,Qwen/Qwen3-1.7B,standard,parsed_actions,False,unknown_invalid,7,6,1.1666666666666667,4.0,4.0,1.0,0.002645874861627817
pilot_miconic,miconic_heldout_0014_91162_anonymized,miconic_heldout_0014_91162,miconic,heldout,Qwen/Qwen3-1.7B,anonymized,parsed_actions,False,unknown_invalid,7,6,1.1666666666666667,4.0,4.0,1.0,0.002829916076734662
pilot_transport,transport_heldout_0016_442418_compact,transport_heldout_0016_442418,transport,heldout,Qwen/Qwen3-1.7B,compact,parsed_actions,False,unknown_invalid,16,17,0.9411764705882353,1.0,1.0,1.0,0.003209332935512066
pilot_sokoban,sokoban_heldout_0001_116740_compact,sokoban_heldout_0001_116740,sokoban,heldout,Qwen/Qwen3-1.7B,compact,parsed_actions,False,unknown_invalid,158,35,4.514285714285714,0.0,0.0,1.0,0.003169749863445759
pilot_miconic,miconic_heldout_0014_91162_compact,miconic_heldout_0014_91162,miconic,heldout,Qwen/Qwen3-1.7B,compact,parsed_actions,False,unknown_invalid,7,6,1.1666666666666667,4.0,4.0,1.0,0.002939667087048292
pilot_miconic,miconic_heldout_0015_619177_standard,miconic_heldout_0015_619177,miconic,heldout,Qwen/Qwen3-1.7B,standard,parsed_actions,False,unknown_invalid,17,17,1.0,0.0,0.0,1.0,0.0029319999739527702
pilot_miconic,miconic_heldout_0015_619177_anonymized,miconic_heldout_0015_619177,miconic,heldout,Qwen/Qwen3-1.7B,anonymized,parsed_actions,False,unknown_invalid,17,17,1.0,0.0,0.0,1.0,0.0028076248709112406
pilot_miconic,miconic_heldout_0015_619177_compact,miconic_heldout_0015_619177,miconic,heldout,Qwen/Qwen3-1.7B,compact,parsed_actions,False,unknown_invalid,16,17,0.9411764705882353,0.0,0.0,1.0,0.0027697919867932796
pilot_miconic,miconic_heldout_0016_442418_standard,miconic_heldout_0016_442418,miconic,heldout,Qwen/Qwen3-1.7B,standard,parsed_actions,False,unknown_invalid,15,14,1.0714285714285714,0.0,0.0,1.0,0.0030934170354157686
pilot_miconic,miconic_heldout_0016_442418_anonymized,miconic_heldout_0016_442418,miconic,heldout,Qwen/Qwen3-1.7B,anonymized,parsed_actions,False,unknown_invalid,15,14,1.0714285714285714,0.0,0.0,1.0,0.003019375028088689
pilot_miconic,miconic_heldout_0016_442418_compact,miconic_heldout_0016_442418,miconic,heldout,Qwen/Qwen3-1.7B,compact,parsed_actions,False,unknown_invalid,27,14,1.9285714285714286,2.0,2.0,1.0,0.003091457998380065
pilot_miconic,miconic_heldout_0017_33327_standard,miconic_heldout_0017_33327,miconic,heldout,Qwen/Qwen3-1.7B,standard,parsed_actions,False,unknown_invalid,13,10,1.3,1.0,1.0,1.0,0.0030022498685866594
pilot_satellite,satellite_heldout_0002_26226_anonymized,satellite_heldout_0002_26226,satellite,heldout,Qwen/Qwen3-1.7B,anonymized,parsed_actions,False,validator_crash,207,15,13.8,2.0,2.0,1.0,0.011604708852246404
pilot_miconic,miconic_heldout_0017_33327_anonymized,miconic_heldout_0017_33327,miconic,heldout,Qwen/Qwen3-1.7B,anonymized,parsed_actions,False,unknown_invalid,41,10,4.1,2.0,2.0,1.0,0.003359832800924778
pilot_miconic,miconic_heldout_0017_33327_compact,miconic_heldout_0017_33327,miconic,heldout,Qwen/Qwen3-1.7B,compact,parsed_actions,False,unknown_invalid,15,10,1.5,2.0,2.0,1.0,0.0030092501547187567
pilot_miconic,miconic_heldout_0018_31245_standard,miconic_heldout_0018_31245,miconic,heldout,Qwen/Qwen3-1.7B,standard,parsed_actions,False,unknown_invalid,3,5,0.6,0.0,0.0,1.0,0.0028888341039419174
pilot_miconic,miconic_heldout_0018_31245_anonymized,miconic_heldout_0018_31245,miconic,heldout,Qwen/Qwen3-1.7B,anonymized,parsed_actions,False,unknown_invalid,3,5,0.6,0.0,0.0,1.0,0.0030514169484376907
pilot_miconic,miconic_heldout_0018_31245_compact,miconic_heldout_0018_31245,miconic,heldout,Qwen/Qwen3-1.7B,compact,parsed_actions,False,unknown_invalid,3,5,0.6,0.0,0.0,1.0,0.002900791820138693
pilot_miconic,miconic_heldout_0019_98247_standard,miconic_heldout_0019_98247,miconic,heldout,Qwen/Qwen3-1.7B,standard,parsed_actions,False,unknown_invalid,8,5,1.6,2.0,2.0,1.0,0.002745624864473939
pilot_miconic,miconic_heldout_0019_98247_anonymized,miconic_heldout_0019_98247,miconic,heldout,Qwen/Qwen3-1.7B,anonymized,parsed_actions,False,unknown_invalid,6,5,1.2,3.0,3.0,1.0,0.0031328340992331505
pilot_miconic,miconic_heldout_0019_98247_compact,miconic_heldout_0019_98247,miconic,heldout,Qwen/Qwen3-1.7B,compact,parsed_actions,False,unknown_invalid,6,5,1.2,3.0,3.0,1.0,0.0027784169651567936
pilot_miconic,miconic_heldout_0020_229259_standard,miconic_heldout_0020_229259,miconic,heldout,Qwen/Qwen3-1.7B,standard,parsed_actions,False,unknown_invalid,7,6,1.1666666666666667,0.0,0.0,1.0,0.003257750067859888
pilot_miconic,miconic_heldout_0020_229259_anonymized,miconic_heldout_0020_229259,miconic,heldout,Qwen/Qwen3-1.7B,anonymized,parsed_actions,False,unknown_invalid,8,6,1.3333333333333333,0.0,0.0,1.0,0.003120207926258445
pilot_miconic,miconic_heldout_0020_229259_compact,miconic_heldout_0020_229259,miconic,heldout,Qwen/Qwen3-1.7B,compact,parsed_actions,False,unknown_invalid,7,6,1.1666666666666667,0.0,0.0,1.0,0.0033882500138133764
pilot_miconic,miconic_heldout_0021_243963_standard,miconic_heldout_0021_243963,miconic,heldout,Qwen/Qwen3-1.7B,standard,parsed_actions,False,unknown_invalid,14,14,1.0,0.0,0.0,1.0,0.003150167176499963
pilot_transport,transport_heldout_0017_33327_standard,transport_heldout_0017_33327,transport,heldout,Qwen/Qwen3-1.7B,standard,parsed_actions,False,validator_crash,133,8,16.625,4.0,4.0,1.0,0.011407583020627499
pilot_sokoban,sokoban_heldout_0002_26226_standard,sokoban_heldout_0002_26226,sokoban,heldout,Qwen/Qwen3-1.7B,standard,parsed_actions,False,unknown_invalid,158,120,1.3166666666666667,0.0,0.0,1.0,0.0038863332010805607
pilot_transport,transport_heldout_0017_33327_anonymized,transport_heldout_0017_33327,transport,heldout,Qwen/Qwen3-1.7B,anonymized,parsed_actions,False,unknown_invalid,33,8,4.125,4.0,4.0,1.0,0.0034086250234395266
pilot_transport,transport_heldout_0017_33327_compact,transport_heldout_0017_33327,transport,heldout,Qwen/Qwen3-1.7B,compact,parsed_actions,False,unknown_invalid,19,8,2.375,4.0,4.0,1.0,0.0032502501271665096
pilot_transport,transport_heldout_0018_31245_standard,transport_heldout_0018_31245,transport,heldout,Qwen/Qwen3-1.7B,standard,parsed_actions,False,unknown_invalid,8,9,0.8888888888888888,1.0,1.0,1.0,0.0030641250777989626
pilot_transport,transport_heldout_0018_31245_anonymized,transport_heldout_0018_31245,transport,heldout,Qwen/Qwen3-1.7B,anonymized,parsed_actions,False,unknown_invalid,11,9,1.2222222222222223,1.0,1.0,1.0,0.0034388750791549683
pilot_transport,transport_heldout_0018_31245_compact,transport_heldout_0018_31245,transport,heldout,Qwen/Qwen3-1.7B,compact,parsed_actions,False,unknown_invalid,8,9,0.8888888888888888,1.0,1.0,1.0,0.0034569590352475643
pilot_miconic,miconic_heldout_0021_243963_anonymized,miconic_heldout_0021_243963,miconic,heldout,Qwen/Qwen3-1.7B,anonymized,parsed_actions,False,validator_crash,342,14,24.428571428571427,0.0,0.0,1.0,0.010420083068311214
pilot_transport,transport_heldout_0019_98247_standard,transport_heldout_0019_98247,transport,heldout,Qwen/Qwen3-1.7B,standard,parsed_actions,False,validator_crash,12,9,1.3333333333333333,2.0,2.0,1.0,0.011002582963556051
pilot_miconic,miconic_heldout_0021_243963_compact,miconic_heldout_0021_243963,miconic,heldout,Qwen/Qwen3-1.7B,compact,parsed_actions,False,unknown_invalid,13,14,0.9285714285714286,0.0,0.0,1.0,0.0030703749507665634
pilot_miconic,miconic_heldout_0022_529904_standard,miconic_heldout_0022_529904,miconic,heldout,Qwen/Qwen3-1.7B,standard,parsed_actions,False,unknown_invalid,12,14,0.8571428571428571,0.0,0.0,1.0,0.002899459097534418
pilot_transport,transport_heldout_0019_98247_anonymized,transport_heldout_0019_98247,transport,heldout,Qwen/Qwen3-1.7B,anonymized,parsed_actions,False,validator_crash,12,9,1.3333333333333333,2.0,2.0,1.0,0.011049333959817886
pilot_miconic,miconic_heldout_0022_529904_anonymized,miconic_heldout_0022_529904,miconic,heldout,Qwen/Qwen3-1.7B,anonymized,parsed_actions,False,unknown_invalid,35,14,2.5,0.0,0.0,1.0,0.003417291911318898
pilot_miconic,miconic_heldout_0022_529904_compact,miconic_heldout_0022_529904,miconic,heldout,Qwen/Qwen3-1.7B,compact,parsed_actions,False,unknown_invalid,12,14,0.8571428571428571,0.0,0.0,1.0,0.002984750084578991
pilot_miconic,miconic_heldout_0023_631263_standard,miconic_heldout_0023_631263,miconic,heldout,Qwen/Qwen3-1.7B,standard,parsed_actions,True,valid,3,3,1.0,3.0,,1.0,0.0036445828154683113
pilot_miconic,miconic_heldout_0023_631263_anonymized,miconic_heldout_0023_631263,miconic,heldout,Qwen/Qwen3-1.7B,anonymized,parsed_actions,True,valid,3,3,1.0,3.0,,1.0,0.0030390829779207706
pilot_miconic,miconic_heldout_0023_631263_compact,miconic_heldout_0023_631263,miconic,heldout,Qwen/Qwen3-1.7B,compact,parsed_actions,True,valid,3,3,1.0,3.0,,1.0,0.0030139998998492956
pilot_miconic,miconic_heldout_0024_27825_standard,miconic_heldout_0024_27825,miconic,heldout,Qwen/Qwen3-1.7B,standard,parsed_actions,False,unknown_invalid,11,11,1.0,0.0,0.0,1.0,0.0031924170907586813
pilot_satellite,satellite_heldout_0002_26226_compact,satellite_heldout_0002_26226,satellite,heldout,Qwen/Qwen3-1.7B,compact,parsed_actions,False,validator_crash,207,15,13.8,2.0,2.0,1.0,0.012057125102728605
pilot_sokoban,sokoban_heldout_0002_26226_anonymized,sokoban_heldout_0002_26226,sokoban,heldout,Qwen/Qwen3-1.7B,anonymized,parsed_actions,False,unknown_invalid,157,120,1.3083333333333333,0.0,0.0,1.0,0.0039796659257262945
pilot_miconic,miconic_heldout_0024_27825_anonymized,miconic_heldout_0024_27825,miconic,heldout,Qwen/Qwen3-1.7B,anonymized,parsed_actions,False,unknown_invalid,11,11,1.0,0.0,0.0,1.0,0.0030209580436348915
pilot_miconic,miconic_heldout_0024_27825_compact,miconic_heldout_0024_27825,miconic,heldout,Qwen/Qwen3-1.7B,compact,parsed_actions,False,unknown_invalid,11,11,1.0,0.0,0.0,1.0,0.0031752909999340773
pilot_miconic,miconic_heldout_0025_588509_standard,miconic_heldout_0025_588509,miconic,heldout,Qwen/Qwen3-1.7B,standard,parsed_actions,False,unknown_invalid,17,19,0.8947368421052632,0.0,0.0,1.0,0.0032333750277757645
pilot_satellite,satellite_heldout_0003_777573_standard,satellite_heldout_0003_777573,satellite,heldout,Qwen/Qwen3-1.7B,standard,parsed_actions,False,unknown_invalid,30,12,2.5,2.0,2.0,1.0,0.0030118748545646667
pilot_miconic,miconic_heldout_0025_588509_anonymized,miconic_heldout_0025_588509,miconic,heldout,Qwen/Qwen3-1.7B,anonymized,parsed_actions,False,unknown_invalid,18,19,0.9473684210526315,3.0,3.0,1.0,0.00287604215554893
pilot_miconic,miconic_heldout_0025_588509_compact,miconic_heldout_0025_588509,miconic,heldout,Qwen/Qwen3-1.7B,compact,parsed_actions,False,unknown_invalid,31,19,1.631578947368421,3.0,3.0,1.0,0.0030439591500908136
pilot_transport,transport_heldout_0019_98247_compact,transport_heldout_0019_98247,transport,heldout,Qwen/Qwen3-1.7B,compact,parsed_actions,False,validator_crash,12,9,1.3333333333333333,2.0,2.0,1.0,0.011112416861578822
pilot_transport,transport_heldout_0020_229259_standard,transport_heldout_0020_229259,transport,heldout,Qwen/Qwen3-1.7B,standard,parsed_actions,False,unknown_invalid,8,6,1.3333333333333333,1.0,1.0,1.0,0.0033800839446485043
pilot_transport,transport_heldout_0020_229259_anonymized,transport_heldout_0020_229259,transport,heldout,Qwen/Qwen3-1.7B,anonymized,parsed_actions,False,unknown_invalid,8,6,1.3333333333333333,1.0,1.0,1.0,0.0030019590631127357
pilot_transport,transport_heldout_0020_229259_compact,transport_heldout_0020_229259,transport,heldout,Qwen/Qwen3-1.7B,compact,parsed_actions,False,unknown_invalid,8,6,1.3333333333333333,1.0,1.0,1.0,0.0032537919469177723
pilot_transport,transport_heldout_0021_243963_standard,transport_heldout_0021_243963,transport,heldout,Qwen/Qwen3-1.7B,standard,parsed_actions,False,unknown_invalid,9,7,1.2857142857142858,1.0,1.0,1.0,0.0033425420988351107
pilot_transport,transport_heldout_0021_243963_anonymized,transport_heldout_0021_243963,transport,heldout,Qwen/Qwen3-1.7B,anonymized,parsed_actions,False,unknown_invalid,8,7,1.1428571428571428,1.0,1.0,1.0,0.0031508752144873142
pilot_transport,transport_heldout_0021_243963_compact,transport_heldout_0021_243963,transport,heldout,Qwen/Qwen3-1.7B,compact,parsed_actions,False,unknown_invalid,8,7,1.1428571428571428,1.0,1.0,1.0,0.0032680421136319637
pilot_sokoban,sokoban_heldout_0002_26226_compact,sokoban_heldout_0002_26226,sokoban,heldout,Qwen/Qwen3-1.7B,compact,parsed_actions,False,unknown_invalid,158,120,1.3166666666666667,0.0,0.0,1.0,0.0037010000087320805
pilot_transport,transport_heldout_0022_529904_standard,transport_heldout_0022_529904,transport,heldout,Qwen/Qwen3-1.7B,standard,parsed_actions,False,unknown_invalid,20,17,1.1764705882352942,1.0,1.0,1.0,0.0033859580289572477
pilot_satellite,satellite_heldout_0003_777573_anonymized,satellite_heldout_0003_777573,satellite,heldout,Qwen/Qwen3-1.7B,anonymized,parsed_actions,False,unknown_invalid,244,12,20.333333333333332,2.0,2.0,1.0,0.0034367500338703394
pilot_miconic,miconic_heldout_0026_208497_standard,miconic_heldout_0026_208497,miconic,heldout,Qwen/Qwen3-1.7B,standard,parsed_actions,False,unknown_invalid,342,18,19.0,0.0,0.0,1.0,0.0032791250851005316
pilot_transport,transport_heldout_0022_529904_anonymized,transport_heldout_0022_529904,transport,heldout,Qwen/Qwen3-1.7B,anonymized,parsed_actions,False,unknown_invalid,21,17,1.2352941176470589,1.0,1.0,1.0,0.0032090828754007816
pilot_miconic,miconic_heldout_0026_208497_anonymized,miconic_heldout_0026_208497,miconic,heldout,Qwen/Qwen3-1.7B,anonymized,parsed_actions,False,unknown_invalid,24,18,1.3333333333333333,0.0,0.0,1.0,0.0027537918649613857
pilot_miconic,miconic_heldout_0026_208497_compact,miconic_heldout_0026_208497,miconic,heldout,Qwen/Qwen3-1.7B,compact,parsed_actions,False,unknown_invalid,25,18,1.3888888888888888,2.0,2.0,1.0,0.0029934579506516457
pilot_miconic,miconic_heldout_0027_750801_standard,miconic_heldout_0027_750801,miconic,heldout,Qwen/Qwen3-1.7B,standard,parsed_actions,False,unknown_invalid,3,4,0.75,0.0,0.0,1.0,0.0029838751070201397
pilot_miconic,miconic_heldout_0027_750801_anonymized,miconic_heldout_0027_750801,miconic,heldout,Qwen/Qwen3-1.7B,anonymized,parsed_actions,False,unknown_invalid,3,4,0.75,0.0,0.0,1.0,0.003025375073775649
pilot_miconic,miconic_heldout_0027_750801_compact,miconic_heldout_0027_750801,miconic,heldout,Qwen/Qwen3-1.7B,compact,parsed_actions,False,unknown_invalid,3,4,0.75,0.0,0.0,1.0,0.002899790881201625
pilot_transport,transport_heldout_0022_529904_compact,transport_heldout_0022_529904,transport,heldout,Qwen/Qwen3-1.7B,compact,parsed_actions,False,unknown_invalid,20,17,1.1764705882352942,1.0,1.0,1.0,0.0033819591626524925
pilot_miconic,miconic_heldout_0028_681454_standard,miconic_heldout_0028_681454,miconic,heldout,Qwen/Qwen3-1.7B,standard,parsed_actions,False,unknown_invalid,6,6,1.0,0.0,0.0,1.0,0.0032419580966234207
pilot_miconic,miconic_heldout_0028_681454_anonymized,miconic_heldout_0028_681454,miconic,heldout,Qwen/Qwen3-1.7B,anonymized,parsed_actions,False,unknown_invalid,6,6,1.0,0.0,0.0,1.0,0.003054291009902954
pilot_miconic,miconic_heldout_0028_681454_compact,miconic_heldout_0028_681454,miconic,heldout,Qwen/Qwen3-1.7B,compact,parsed_actions,False,unknown_invalid,6,6,1.0,0.0,0.0,1.0,0.0029225421603769064
pilot_miconic,miconic_heldout_0029_735393_standard,miconic_heldout_0029_735393,miconic,heldout,Qwen/Qwen3-1.7B,standard,parsed_actions,False,unknown_invalid,8,10,0.8,0.0,0.0,1.0,0.0029176250100135803
pilot_transport,transport_heldout_0023_631263_standard,transport_heldout_0023_631263,transport,heldout,Qwen/Qwen3-1.7B,standard,parsed_actions,False,unknown_invalid,10,11,0.9090909090909091,1.0,1.0,1.0,0.002910542069002986
pilot_miconic,miconic_heldout_0029_735393_anonymized,miconic_heldout_0029_735393,miconic,heldout,Qwen/Qwen3-1.7B,anonymized,parsed_actions,False,unknown_invalid,10,10,1.0,4.0,4.0,1.0,0.002799666952341795
pilot_miconic,miconic_heldout_0029_735393_compact,miconic_heldout_0029_735393,miconic,heldout,Qwen/Qwen3-1.7B,compact,parsed_actions,False,unknown_invalid,9,10,0.9,0.0,0.0,1.0,0.0027399591635912657
pilot_miconic,miconic_heldout_0030_571413_standard,miconic_heldout_0030_571413,miconic,heldout,Qwen/Qwen3-1.7B,standard,parsed_actions,False,unknown_invalid,12,12,1.0,0.0,0.0,1.0,0.002905125031247735
pilot_transport,transport_heldout_0023_631263_anonymized,transport_heldout_0023_631263,transport,heldout,Qwen/Qwen3-1.7B,anonymized,parsed_actions,False,unknown_invalid,10,11,0.9090909090909091,1.0,1.0,1.0,0.0031633751932531595
pilot_miconic,miconic_heldout_0030_571413_anonymized,miconic_heldout_0030_571413,miconic,heldout,Qwen/Qwen3-1.7B,anonymized,parsed_actions,False,unknown_invalid,13,12,1.0833333333333333,0.0,0.0,1.0,0.0029671669472008944
pilot_miconic,miconic_heldout_0030_571413_compact,miconic_heldout_0030_571413,miconic,heldout,Qwen/Qwen3-1.7B,compact,parsed_actions,False,unknown_invalid,9,12,0.75,0.0,0.0,1.0,0.002883290871977806
pilot_transport,transport_heldout_0023_631263_compact,transport_heldout_0023_631263,transport,heldout,Qwen/Qwen3-1.7B,compact,parsed_actions,False,unknown_invalid,9,11,0.8181818181818182,1.0,1.0,1.0,0.0031456248834729195
pilot_miconic,miconic_heldout_0031_439899_standard,miconic_heldout_0031_439899,miconic,heldout,Qwen/Qwen3-1.7B,standard,parsed_actions,False,unknown_invalid,8,5,1.6,2.0,2.0,1.0,0.003078624838963151
pilot_miconic,miconic_heldout_0031_439899_anonymized,miconic_heldout_0031_439899,miconic,heldout,Qwen/Qwen3-1.7B,anonymized,parsed_actions,False,unknown_invalid,6,5,1.2,3.0,3.0,1.0,0.0027310410514473915
pilot_miconic,miconic_heldout_0031_439899_compact,miconic_heldout_0031_439899,miconic,heldout,Qwen/Qwen3-1.7B,compact,parsed_actions,False,unknown_invalid,6,5,1.2,3.0,3.0,1.0,0.0028352090157568455
pilot_miconic,miconic_heldout_0032_231149_standard,miconic_heldout_0032_231149,miconic,heldout,Qwen/Qwen3-1.7B,standard,parsed_actions,False,unknown_invalid,3,5,0.6,0.0,0.0,1.0,0.0031305840238928795
pilot_miconic,miconic_heldout_0032_231149_anonymized,miconic_heldout_0032_231149,miconic,heldout,Qwen/Qwen3-1.7B,anonymized,parsed_actions,False,unknown_invalid,3,5,0.6,0.0,0.0,1.0,0.002946124877780676
pilot_miconic,miconic_heldout_0032_231149_compact,miconic_heldout_0032_231149,miconic,heldout,Qwen/Qwen3-1.7B,compact,parsed_actions,False,unknown_invalid,3,5,0.6,0.0,0.0,1.0,0.002675083000212908
pilot_miconic,miconic_heldout_0033_471030_standard,miconic_heldout_0033_471030,miconic,heldout,Qwen/Qwen3-1.7B,standard,parsed_actions,False,unknown_invalid,9,7,1.2857142857142858,0.0,0.0,1.0,0.0032610001508146524
pilot_transport,transport_heldout_0024_27825_standard,transport_heldout_0024_27825,transport,heldout,Qwen/Qwen3-1.7B,standard,parsed_actions,False,unknown_invalid,14,15,0.9333333333333333,1.0,1.0,1.0,0.003156708786264062
pilot_miconic,miconic_heldout_0033_471030_anonymized,miconic_heldout_0033_471030,miconic,heldout,Qwen/Qwen3-1.7B,anonymized,parsed_actions,False,unknown_invalid,7,7,1.0,0.0,0.0,1.0,0.002988833002746105
pilot_miconic,miconic_heldout_0033_471030_compact,miconic_heldout_0033_471030,miconic,heldout,Qwen/Qwen3-1.7B,compact,parsed_actions,False,unknown_invalid,6,7,0.8571428571428571,0.0,0.0,1.0,0.002771749859675765
pilot_miconic,miconic_heldout_0034_617890_standard,miconic_heldout_0034_617890,miconic,heldout,Qwen/Qwen3-1.7B,standard,parsed_actions,False,unknown_invalid,27,13,2.076923076923077,0.0,0.0,1.0,0.002988874912261963
pilot_transport,transport_heldout_0024_27825_anonymized,transport_heldout_0024_27825,transport,heldout,Qwen/Qwen3-1.7B,anonymized,parsed_actions,False,unknown_invalid,17,15,1.1333333333333333,1.0,1.0,1.0,0.003060291986912489
pilot_miconic,miconic_heldout_0034_617890_anonymized,miconic_heldout_0034_617890,miconic,heldout,Qwen/Qwen3-1.7B,anonymized,parsed_actions,False,unknown_invalid,29,13,2.230769230769231,0.0,0.0,1.0,0.0029804168734699488
pilot_transport,transport_heldout_0024_27825_compact,transport_heldout_0024_27825,transport,heldout,Qwen/Qwen3-1.7B,compact,parsed_actions,False,unknown_invalid,14,15,0.9333333333333333,1.0,1.0,1.0,0.003234208095818758
pilot_sokoban,sokoban_heldout_0003_777573_standard,sokoban_heldout_0003_777573,sokoban,heldout,Qwen/Qwen3-1.7B,standard,parsed_actions,False,unknown_invalid,156,32,4.875,0.0,0.0,1.0,0.003396332962438464
pilot_transport,transport_heldout_0025_588509_standard,transport_heldout_0025_588509,transport,heldout,Qwen/Qwen3-1.7B,standard,parsed_actions,False,unknown_invalid,4,3,1.3333333333333333,1.0,1.0,1.0,0.0032425839453935623
pilot_miconic,miconic_heldout_0034_617890_compact,miconic_heldout_0034_617890,miconic,heldout,Qwen/Qwen3-1.7B,compact,parsed_actions,False,unknown_invalid,32,13,2.4615384615384617,2.0,2.0,1.0,0.0033195000141859055
pilot_transport,transport_heldout_0025_588509_anonymized,transport_heldout_0025_588509,transport,heldout,Qwen/Qwen3-1.7B,anonymized,parsed_actions,False,unknown_invalid,4,3,1.3333333333333333,1.0,1.0,1.0,0.00290058390237391
pilot_transport,transport_heldout_0025_588509_compact,transport_heldout_0025_588509,transport,heldout,Qwen/Qwen3-1.7B,compact,parsed_actions,False,unknown_invalid,4,3,1.3333333333333333,1.0,1.0,1.0,0.0030956249684095383
pilot_miconic,miconic_heldout_0035_291705_standard,miconic_heldout_0035_291705,miconic,heldout,Qwen/Qwen3-1.7B,standard,parsed_actions,False,unknown_invalid,29,15,1.9333333333333333,0.0,0.0,1.0,0.0034860828891396523
pilot_satellite,satellite_heldout_0003_777573_compact,satellite_heldout_0003_777573,satellite,heldout,Qwen/Qwen3-1.7B,compact,parsed_actions,False,unknown_invalid,244,12,20.333333333333332,2.0,2.0,1.0,0.003197791986167431
pilot_transport,transport_heldout_0026_208497_standard,transport_heldout_0026_208497,transport,heldout,Qwen/Qwen3-1.7B,standard,parsed_actions,False,unknown_invalid,8,3,2.6666666666666665,2.0,2.0,1.0,0.0032244999893009663
pilot_transport,transport_heldout_0026_208497_anonymized,transport_heldout_0026_208497,transport,heldout,Qwen/Qwen3-1.7B,anonymized,parsed_actions,False,unknown_invalid,8,3,2.6666666666666665,2.0,2.0,1.0,0.0028470419347286224
pilot_transport,transport_heldout_0026_208497_compact,transport_heldout_0026_208497,transport,heldout,Qwen/Qwen3-1.7B,compact,parsed_actions,False,unknown_invalid,8,3,2.6666666666666665,2.0,2.0,1.0,0.003149542026221752
pilot_transport,transport_heldout_0027_750801_standard,transport_heldout_0027_750801,transport,heldout,Qwen/Qwen3-1.7B,standard,parsed_actions,False,unknown_invalid,12,10,1.2,0.0,0.0,1.0,0.003240999998524785
pilot_transport,transport_heldout_0027_750801_anonymized,transport_heldout_0027_750801,transport,heldout,Qwen/Qwen3-1.7B,anonymized,parsed_actions,False,unknown_invalid,12,10,1.2,0.0,0.0,1.0,0.0030751670710742474
pilot_transport,transport_heldout_0027_750801_compact,transport_heldout_0027_750801,transport,heldout,Qwen/Qwen3-1.7B,compact,parsed_actions,False,unknown_invalid,12,10,1.2,0.0,0.0,1.0,0.003106541931629181
pilot_transport,transport_heldout_0028_681454_standard,transport_heldout_0028_681454,transport,heldout,Qwen/Qwen3-1.7B,standard,parsed_actions,False,unknown_invalid,10,9,1.1111111111111112,1.0,1.0,1.0,0.0033032919745892286
pilot_transport,transport_heldout_0028_681454_anonymized,transport_heldout_0028_681454,transport,heldout,Qwen/Qwen3-1.7B,anonymized,parsed_actions,False,validator_crash,6,9,0.6666666666666666,1.0,1.0,1.0,0.011144959134981036
pilot_transport,transport_heldout_0028_681454_compact,transport_heldout_0028_681454,transport,heldout,Qwen/Qwen3-1.7B,compact,parsed_actions,False,unknown_invalid,8,9,0.8888888888888888,1.0,1.0,1.0,0.0035100409295409918
pilot_transport,transport_heldout_0029_735393_standard,transport_heldout_0029_735393,transport,heldout,Qwen/Qwen3-1.7B,standard,parsed_actions,False,unknown_invalid,13,4,3.25,2.0,2.0,1.0,0.003549500135704875
pilot_sokoban,sokoban_heldout_0003_777573_anonymized,sokoban_heldout_0003_777573,sokoban,heldout,Qwen/Qwen3-1.7B,anonymized,parsed_actions,False,unknown_invalid,158,32,4.9375,0.0,0.0,1.0,0.0036319580394774675
pilot_transport,transport_heldout_0029_735393_anonymized,transport_heldout_0029_735393,transport,heldout,Qwen/Qwen3-1.7B,anonymized,parsed_actions,False,validator_crash,18,4,4.5,3.0,3.0,1.0,0.01051587495021522
pilot_miconic,miconic_heldout_0035_291705_anonymized,miconic_heldout_0035_291705,miconic,heldout,Qwen/Qwen3-1.7B,anonymized,parsed_actions,False,validator_crash,342,15,22.8,0.0,0.0,1.0,0.011240624822676182
pilot_satellite,satellite_heldout_0004_288390_standard,satellite_heldout_0004_288390,satellite,heldout,Qwen/Qwen3-1.7B,standard,parsed_actions,False,validator_crash,210,15,14.0,0.0,0.0,1.0,0.011443709023296833
pilot_miconic,miconic_heldout_0035_291705_compact,miconic_heldout_0035_291705,miconic,heldout,Qwen/Qwen3-1.7B,compact,parsed_actions,False,unknown_invalid,16,15,1.0666666666666667,0.0,0.0,1.0,0.00353124993853271
pilot_transport,transport_heldout_0029_735393_compact,transport_heldout_0029_735393,transport,heldout,Qwen/Qwen3-1.7B,compact,parsed_actions,False,unknown_invalid,15,4,3.75,3.0,3.0,1.0,0.004222416784614325
pilot_miconic,miconic_heldout_0036_848750_standard,miconic_heldout_0036_848750,miconic,heldout,Qwen/Qwen3-1.7B,standard,parsed_actions,False,unknown_invalid,9,12,0.75,0.0,0.0,1.0,0.0036544171161949635
pilot_miconic,miconic_heldout_0036_848750_anonymized,miconic_heldout_0036_848750,miconic,heldout,Qwen/Qwen3-1.7B,anonymized,parsed_actions,False,unknown_invalid,10,12,0.8333333333333334,0.0,0.0,1.0,0.0029334579594433308
pilot_miconic,miconic_heldout_0036_848750_compact,miconic_heldout_0036_848750,miconic,heldout,Qwen/Qwen3-1.7B,compact,parsed_actions,False,unknown_invalid,10,12,0.8333333333333334,0.0,0.0,1.0,0.0032085420098155737
pilot_transport,transport_heldout_0030_571413_standard,transport_heldout_0030_571413,transport,heldout,Qwen/Qwen3-1.7B,standard,parsed_actions,False,unknown_invalid,15,13,1.1538461538461537,2.0,2.0,1.0,0.003522832877933979
pilot_miconic,miconic_heldout_0037_911528_anonymized,miconic_heldout_0037_911528,miconic,heldout,Qwen/Qwen3-1.7B,anonymized,parsed_actions,False,unknown_invalid,13,4,3.25,0.0,0.0,1.0,0.003184958128258586
pilot_miconic,miconic_heldout_0037_911528_compact,miconic_heldout_0037_911528,miconic,heldout,Qwen/Qwen3-1.7B,compact,parsed_actions,False,unknown_invalid,7,4,1.75,0.0,0.0,1.0,0.003158791922032833
pilot_miconic,miconic_heldout_0038_6815_standard,miconic_heldout_0038_6815,miconic,heldout,Qwen/Qwen3-1.7B,standard,parsed_actions,False,unknown_invalid,8,5,1.6,2.0,2.0,1.0,0.0031081661581993103
pilot_miconic,miconic_heldout_0038_6815_anonymized,miconic_heldout_0038_6815,miconic,heldout,Qwen/Qwen3-1.7B,anonymized,parsed_actions,False,unknown_invalid,6,5,1.2,3.0,3.0,1.0,0.0030252081342041492
pilot_miconic,miconic_heldout_0038_6815_compact,miconic_heldout_0038_6815,miconic,heldout,Qwen/Qwen3-1.7B,compact,parsed_actions,False,unknown_invalid,6,5,1.2,3.0,3.0,1.0,0.00287687499076128
pilot_transport,transport_heldout_0030_571413_anonymized,transport_heldout_0030_571413,transport,heldout,Qwen/Qwen3-1.7B,anonymized,parsed_actions,False,unknown_invalid,15,13,1.1538461538461537,2.0,2.0,1.0,0.0030455419328063726
pilot_transport,transport_heldout_0030_571413_compact,transport_heldout_0030_571413,transport,heldout,Qwen/Qwen3-1.7B,compact,parsed_actions,False,unknown_invalid,14,13,1.0769230769230769,2.0,2.0,1.0,0.002911041025072336
pilot_transport,transport_heldout_0031_439899_standard,transport_heldout_0031_439899,transport,heldout,Qwen/Qwen3-1.7B,standard,parsed_actions,False,unknown_invalid,8,8,1.0,1.0,1.0,1.0,0.0035092090256512165
pilot_transport,transport_heldout_0031_439899_anonymized,transport_heldout_0031_439899,transport,heldout,Qwen/Qwen3-1.7B,anonymized,parsed_actions,False,unknown_invalid,8,8,1.0,1.0,1.0,1.0,0.0029471248853951693
pilot_transport,transport_heldout_0031_439899_compact,transport_heldout_0031_439899,transport,heldout,Qwen/Qwen3-1.7B,compact,parsed_actions,False,unknown_invalid,8,8,1.0,1.0,1.0,1.0,0.0029053748585283756
pilot_transport,transport_heldout_0032_231149_standard,transport_heldout_0032_231149,transport,heldout,Qwen/Qwen3-1.7B,standard,parsed_actions,False,validator_crash,12,13,0.9230769230769231,0.0,0.0,1.0,0.010287833865731955
pilot_transport,transport_heldout_0032_231149_anonymized,transport_heldout_0032_231149,transport,heldout,Qwen/Qwen3-1.7B,anonymized,parsed_actions,False,validator_crash,12,13,0.9230769230769231,0.0,0.0,1.0,0.010845416923984885
pilot_sokoban,sokoban_heldout_0003_777573_compact,sokoban_heldout_0003_777573,sokoban,heldout,Qwen/Qwen3-1.7B,compact,parsed_actions,False,unknown_invalid,158,32,4.9375,0.0,0.0,1.0,0.0036109169013798237
pilot_transport,transport_heldout_0032_231149_compact,transport_heldout_0032_231149,transport,heldout,Qwen/Qwen3-1.7B,compact,parsed_actions,False,validator_crash,12,13,0.9230769230769231,0.0,0.0,1.0,0.011601625010371208
pilot_transport,transport_heldout_0033_471030_standard,transport_heldout_0033_471030,transport,heldout,Qwen/Qwen3-1.7B,standard,parsed_actions,False,unknown_invalid,9,8,1.125,1.0,1.0,1.0,0.0034628750290721655
pilot_satellite,satellite_heldout_0004_288390_anonymized,satellite_heldout_0004_288390,satellite,heldout,Qwen/Qwen3-1.7B,anonymized,parsed_actions,False,unknown_invalid,200,15,13.333333333333334,2.0,2.0,1.0,0.0037256248760968447
pilot_transport,transport_heldout_0033_471030_anonymized,transport_heldout_0033_471030,transport,heldout,Qwen/Qwen3-1.7B,anonymized,parsed_actions,False,unknown_invalid,9,8,1.125,1.0,1.0,1.0,0.004007500130683184
pilot_transport,transport_heldout_0033_471030_compact,transport_heldout_0033_471030,transport,heldout,Qwen/Qwen3-1.7B,compact,parsed_actions,False,unknown_invalid,9,8,1.125,1.0,1.0,1.0,0.004196208901703358
pilot_satellite,satellite_heldout_0004_288390_compact,satellite_heldout_0004_288390,satellite,heldout,Qwen/Qwen3-1.7B,compact,parsed_actions,False,unknown_invalid,27,15,1.8,0.0,0.0,1.0,0.003695584135130048
pilot_satellite,satellite_heldout_0005_256788_standard,satellite_heldout_0005_256788,satellite,heldout,Qwen/Qwen3-1.7B,standard,parsed_actions,False,unknown_invalid,21,13,1.6153846153846154,0.0,0.0,1.0,0.0031092502176761627
pilot_miconic,miconic_heldout_0039_795668_standard,miconic_heldout_0039_795668,miconic,heldout,Qwen/Qwen3-1.7B,standard,parsed_actions,False,unknown_invalid,342,18,19.0,0.0,0.0,1.0,0.003688042052090168
pilot_transport,transport_heldout_0034_617890_standard,transport_heldout_0034_617890,transport,heldout,Qwen/Qwen3-1.7B,standard,parsed_actions,False,unknown_invalid,28,5,5.6,1.0,1.0,1.0,0.003687875112518668
pilot_satellite,satellite_heldout_0005_256788_anonymized,satellite_heldout_0005_256788,satellite,heldout,Qwen/Qwen3-1.7B,anonymized,parsed_actions,False,validator_crash,24,13,1.8461538461538463,0.0,0.0,1.0,0.01028537517413497
pilot_satellite,satellite_heldout_0005_256788_compact,satellite_heldout_0005_256788,satellite,heldout,Qwen/Qwen3-1.7B,compact,parsed_actions,False,unknown_invalid,20,13,1.5384615384615385,2.0,2.0,1.0,0.0032557079102844
pilot_transport,transport_heldout_0034_617890_anonymized,transport_heldout_0034_617890,transport,heldout,Qwen/Qwen3-1.7B,anonymized,parsed_actions,False,unknown_invalid,19,5,3.8,1.0,1.0,1.0,0.003128458047285676
pilot_transport,transport_heldout_0034_617890_compact,transport_heldout_0034_617890,transport,heldout,Qwen/Qwen3-1.7B,compact,parsed_actions,False,unknown_invalid,16,5,3.2,1.0,1.0,1.0,0.0034135000314563513
pilot_transport,transport_heldout_0035_291705_standard,transport_heldout_0035_291705,transport,heldout,Qwen/Qwen3-1.7B,standard,parsed_actions,False,unknown_invalid,10,10,1.0,2.0,2.0,1.0,0.0036820420064032078
pilot_transport,transport_heldout_0035_291705_anonymized,transport_heldout_0035_291705,transport,heldout,Qwen/Qwen3-1.7B,anonymized,parsed_actions,False,unknown_invalid,10,10,1.0,2.0,2.0,1.0,0.0031052499543875456
pilot_transport,transport_heldout_0035_291705_compact,transport_heldout_0035_291705,transport,heldout,Qwen/Qwen3-1.7B,compact,parsed_actions,False,unknown_invalid,11,10,1.1,2.0,2.0,1.0,0.0031410420779138803
pilot_sokoban,sokoban_heldout_0004_288390_standard,sokoban_heldout_0004_288390,sokoban,heldout,Qwen/Qwen3-1.7B,standard,parsed_actions,False,unknown_invalid,158,64,2.46875,0.0,0.0,1.0,0.0033003748394548893
pilot_transport,transport_heldout_0036_848750_standard,transport_heldout_0036_848750,transport,heldout,Qwen/Qwen3-1.7B,standard,parsed_actions,False,unknown_invalid,15,18,0.8333333333333334,2.0,2.0,1.0,0.003463583067059517
pilot_miconic,miconic_heldout_0039_795668_anonymized,miconic_heldout_0039_795668,miconic,heldout,Qwen/Qwen3-1.7B,anonymized,parsed_actions,False,validator_crash,342,18,19.0,0.0,0.0,1.0,0.01138529204763472
pilot_miconic,miconic_heldout_0039_795668_compact,miconic_heldout_0039_795668,miconic,heldout,Qwen/Qwen3-1.7B,compact,parsed_actions,False,unknown_invalid,55,18,3.0555555555555554,0.0,0.0,1.0,0.0031892911065369844
pilot_miconic,miconic_heldout_0040_844963_standard,miconic_heldout_0040_844963,miconic,heldout,Qwen/Qwen3-1.7B,standard,parsed_actions,True,valid,3,3,1.0,3.0,,1.0,0.003157834056764841
pilot_miconic,miconic_heldout_0040_844963_anonymized,miconic_heldout_0040_844963,miconic,heldout,Qwen/Qwen3-1.7B,anonymized,parsed_actions,True,valid,3,3,1.0,3.0,,1.0,0.003118624910712242
pilot_miconic,miconic_heldout_0040_844963_compact,miconic_heldout_0040_844963,miconic,heldout,Qwen/Qwen3-1.7B,compact,parsed_actions,True,valid,3,3,1.0,3.0,,1.0,0.003092207945883274
pilot_miconic,miconic_heldout_0041_167415_standard,miconic_heldout_0041_167415,miconic,heldout,Qwen/Qwen3-1.7B,standard,parsed_actions,False,unknown_invalid,3,5,0.6,0.0,0.0,1.0,0.0030640000477433205
pilot_miconic,miconic_heldout_0041_167415_anonymized,miconic_heldout_0041_167415,miconic,heldout,Qwen/Qwen3-1.7B,anonymized,parsed_actions,False,unknown_invalid,3,5,0.6,0.0,0.0,1.0,0.003496791934594512
pilot_miconic,miconic_heldout_0041_167415_compact,miconic_heldout_0041_167415,miconic,heldout,Qwen/Qwen3-1.7B,compact,parsed_actions,False,unknown_invalid,3,5,0.6,0.0,0.0,1.0,0.003129499964416027
pilot_satellite,satellite_heldout_0006_234054_standard,satellite_heldout_0006_234054,satellite,heldout,Qwen/Qwen3-1.7B,standard,parsed_actions,False,validator_crash,219,18,12.166666666666666,2.0,2.0,1.0,0.011432250030338764
pilot_miconic,miconic_heldout_0042_732053_standard,miconic_heldout_0042_732053,miconic,heldout,Qwen/Qwen3-1.7B,standard,parsed_actions,False,unknown_invalid,7,7,1.0,3.0,3.0,1.0,0.003604833036661148
pilot_miconic,miconic_heldout_0042_732053_anonymized,miconic_heldout_0042_732053,miconic,heldout,Qwen/Qwen3-1.7B,anonymized,parsed_actions,False,unknown_invalid,6,7,0.8571428571428571,3.0,3.0,1.0,0.0030270840507000685
pilot_miconic,miconic_heldout_0042_732053_compact,miconic_heldout_0042_732053,miconic,heldout,Qwen/Qwen3-1.7B,compact,parsed_actions,False,unknown_invalid,6,7,0.8571428571428571,3.0,3.0,1.0,0.0031582501251250505
pilot_miconic,miconic_heldout_0043_443144_standard,miconic_heldout_0043_443144,miconic,heldout,Qwen/Qwen3-1.7B,standard,parsed_actions,False,unknown_invalid,7,6,1.1666666666666667,4.0,4.0,1.0,0.00312520912848413
pilot_miconic,miconic_heldout_0043_443144_anonymized,miconic_heldout_0043_443144,miconic,heldout,Qwen/Qwen3-1.7B,anonymized,parsed_actions,False,unknown_invalid,7,6,1.1666666666666667,4.0,4.0,1.0,0.002809208119288087
pilot_miconic,miconic_heldout_0043_443144_compact,miconic_heldout_0043_443144,miconic,heldout,Qwen/Qwen3-1.7B,compact,parsed_actions,False,unknown_invalid,7,6,1.1666666666666667,4.0,4.0,1.0,0.002880833111703396
pilot_satellite,satellite_heldout_0006_234054_anonymized,satellite_heldout_0006_234054,satellite,heldout,Qwen/Qwen3-1.7B,anonymized,parsed_actions,False,unknown_invalid,30,18,1.6666666666666667,2.0,2.0,1.0,0.0034041248727589846
pilot_miconic,miconic_heldout_0044_356779_standard,miconic_heldout_0044_356779,miconic,heldout,Qwen/Qwen3-1.7B,standard,parsed_actions,False,unknown_invalid,8,6,1.3333333333333333,0.0,0.0,1.0,0.0033289578277617693
pilot_miconic,miconic_heldout_0044_356779_anonymized,miconic_heldout_0044_356779,miconic,heldout,Qwen/Qwen3-1.7B,anonymized,parsed_actions,False,unknown_invalid,17,6,2.8333333333333335,0.0,0.0,1.0,0.003140707965940237
pilot_miconic,miconic_heldout_0044_356779_compact,miconic_heldout_0044_356779,miconic,heldout,Qwen/Qwen3-1.7B,compact,parsed_actions,False,unknown_invalid,8,6,1.3333333333333333,0.0,0.0,1.0,0.0030646249651908875
pilot_miconic,miconic_heldout_0045_291370_standard,miconic_heldout_0045_291370,miconic,heldout,Qwen/Qwen3-1.7B,standard,parsed_actions,False,unknown_invalid,11,11,1.0,0.0,0.0,1.0,0.002936209086328745
pilot_miconic,miconic_heldout_0045_291370_anonymized,miconic_heldout_0045_291370,miconic,heldout,Qwen/Qwen3-1.7B,anonymized,parsed_actions,False,unknown_invalid,11,11,1.0,0.0,0.0,1.0,0.0031449999660253525
pilot_miconic,miconic_heldout_0045_291370_compact,miconic_heldout_0045_291370,miconic,heldout,Qwen/Qwen3-1.7B,compact,parsed_actions,False,unknown_invalid,11,11,1.0,0.0,0.0,1.0,0.0031187499407678843
pilot_miconic,miconic_heldout_0046_163033_standard,miconic_heldout_0046_163033,miconic,heldout,Qwen/Qwen3-1.7B,standard,parsed_actions,False,unknown_invalid,23,11,2.090909090909091,0.0,0.0,1.0,0.003347707912325859
pilot_miconic,miconic_heldout_0046_163033_anonymized,miconic_heldout_0046_163033,miconic,heldout,Qwen/Qwen3-1.7B,anonymized,parsed_actions,False,unknown_invalid,12,11,1.0909090909090908,0.0,0.0,1.0,0.002827333053573966
pilot_sokoban,sokoban_heldout_0004_288390_anonymized,sokoban_heldout_0004_288390,sokoban,heldout,Qwen/Qwen3-1.7B,anonymized,parsed_actions,False,unknown_invalid,158,64,2.46875,0.0,0.0,1.0,0.0033214588183909655
pilot_miconic,miconic_heldout_0046_163033_compact,miconic_heldout_0046_163033,miconic,heldout,Qwen/Qwen3-1.7B,compact,parsed_actions,False,unknown_invalid,12,11,1.0909090909090908,0.0,0.0,1.0,0.0031640829984098673
pilot_miconic,miconic_heldout_0047_225773_standard,miconic_heldout_0047_225773,miconic,heldout,Qwen/Qwen3-1.7B,standard,parsed_actions,False,unknown_invalid,3,4,0.75,0.0,0.0,1.0,0.0030332920141518116
pilot_miconic,miconic_heldout_0047_225773_anonymized,miconic_heldout_0047_225773,miconic,heldout,Qwen/Qwen3-1.7B,anonymized,parsed_actions,False,unknown_invalid,3,4,0.75,0.0,0.0,1.0,0.0029232921078801155
pilot_miconic,miconic_heldout_0047_225773_compact,miconic_heldout_0047_225773,miconic,heldout,Qwen/Qwen3-1.7B,compact,parsed_actions,False,unknown_invalid,3,4,0.75,0.0,0.0,1.0,0.0029191658832132816
pilot_miconic,miconic_heldout_0048_800582_standard,miconic_heldout_0048_800582,miconic,heldout,Qwen/Qwen3-1.7B,standard,parsed_actions,True,valid,3,3,1.0,3.0,,1.0,0.003188750008121133
pilot_miconic,miconic_heldout_0048_800582_anonymized,miconic_heldout_0048_800582,miconic,heldout,Qwen/Qwen3-1.7B,anonymized,parsed_actions,True,valid,3,3,1.0,3.0,,1.0,0.0028289160691201687
pilot_miconic,miconic_heldout_0048_800582_compact,miconic_heldout_0048_800582,miconic,heldout,Qwen/Qwen3-1.7B,compact,parsed_actions,True,valid,3,3,1.0,3.0,,1.0,0.0028701249975711107
pilot_transport,transport_heldout_0036_848750_anonymized,transport_heldout_0036_848750,transport,heldout,Qwen/Qwen3-1.7B,anonymized,parsed_actions,False,validator_crash,135,18,7.5,2.0,2.0,1.0,0.010817958042025566
pilot_miconic,miconic_heldout_0049_352945_standard,miconic_heldout_0049_352945,miconic,heldout,Qwen/Qwen3-1.7B,standard,parsed_actions,False,unknown_invalid,8,9,0.8888888888888888,0.0,0.0,1.0,0.003389500081539154
pilot_miconic,miconic_heldout_0049_352945_anonymized,miconic_heldout_0049_352945,miconic,heldout,Qwen/Qwen3-1.7B,anonymized,parsed_actions,False,unknown_invalid,7,9,0.7777777777777778,0.0,0.0,1.0,0.0029211249202489853
pilot_miconic,miconic_heldout_0049_352945_compact,miconic_heldout_0049_352945,miconic,heldout,Qwen/Qwen3-1.7B,compact,parsed_actions,False,unknown_invalid,7,9,0.7777777777777778,0.0,0.0,1.0,0.0030010840855538845
pilot_miconic,miconic_heldout_0050_107176_standard,miconic_heldout_0050_107176,miconic,heldout,Qwen/Qwen3-1.7B,standard,parsed_actions,True,valid,3,3,1.0,3.0,,1.0,0.002939749974757433
pilot_miconic,miconic_heldout_0050_107176_anonymized,miconic_heldout_0050_107176,miconic,heldout,Qwen/Qwen3-1.7B,anonymized,parsed_actions,True,valid,3,3,1.0,3.0,,1.0,0.002759624971076846
pilot_miconic,miconic_heldout_0050_107176_compact,miconic_heldout_0050_107176,miconic,heldout,Qwen/Qwen3-1.7B,compact,parsed_actions,True,valid,3,3,1.0,3.0,,1.0,0.0028706248849630356
pilot_miconic,miconic_heldout_0051_97252_standard,miconic_heldout_0051_97252,miconic,heldout,Qwen/Qwen3-1.7B,standard,parsed_actions,False,unknown_invalid,6,6,1.0,0.0,0.0,1.0,0.003014042042195797
pilot_miconic,miconic_heldout_0051_97252_anonymized,miconic_heldout_0051_97252,miconic,heldout,Qwen/Qwen3-1.7B,anonymized,parsed_actions,False,unknown_invalid,7,6,1.1666666666666667,3.0,3.0,1.0,0.0030613751150667667
pilot_miconic,miconic_heldout_0051_97252_compact,miconic_heldout_0051_97252,miconic,heldout,Qwen/Qwen3-1.7B,compact,parsed_actions,False,unknown_invalid,6,6,1.0,0.0,0.0,1.0,0.003047166857868433
pilot_transport,transport_heldout_0036_848750_compact,transport_heldout_0036_848750,transport,heldout,Qwen/Qwen3-1.7B,compact,parsed_actions,False,unknown_invalid,20,18,1.1111111111111112,2.0,2.0,1.0,0.0033826660364866257
pilot_miconic,miconic_heldout_0052_398383_standard,miconic_heldout_0052_398383,miconic,heldout,Qwen/Qwen3-1.7B,standard,parsed_actions,False,unknown_invalid,6,6,1.0,0.0,0.0,1.0,0.0033397080842405558
pilot_miconic,miconic_heldout_0052_398383_anonymized,miconic_heldout_0052_398383,miconic,heldout,Qwen/Qwen3-1.7B,anonymized,parsed_actions,False,unknown_invalid,6,6,1.0,0.0,0.0,1.0,0.003060791874304414
pilot_miconic,miconic_heldout_0052_398383_compact,miconic_heldout_0052_398383,miconic,heldout,Qwen/Qwen3-1.7B,compact,parsed_actions,False,unknown_invalid,6,6,1.0,0.0,0.0,1.0,0.0029940831009298563
pilot_miconic,miconic_heldout_0053_101415_standard,miconic_heldout_0053_101415,miconic,heldout,Qwen/Qwen3-1.7B,standard,parsed_actions,False,unknown_invalid,8,5,1.6,2.0,2.0,1.0,0.0031497920863330364
pilot_miconic,miconic_heldout_0053_101415_anonymized,miconic_heldout_0053_101415,miconic,heldout,Qwen/Qwen3-1.7B,anonymized,parsed_actions,False,unknown_invalid,6,5,1.2,3.0,3.0,1.0,0.002853458048775792
pilot_miconic,miconic_heldout_0053_101415_compact,miconic_heldout_0053_101415,miconic,heldout,Qwen/Qwen3-1.7B,compact,parsed_actions,False,unknown_invalid,6,5,1.2,3.0,3.0,1.0,0.0028842089232057333
pilot_miconic,miconic_heldout_0054_376418_standard,miconic_heldout_0054_376418,miconic,heldout,Qwen/Qwen3-1.7B,standard,parsed_actions,False,unknown_invalid,4,4,1.0,0.0,0.0,1.0,0.0030542919412255287
pilot_miconic,miconic_heldout_0054_376418_anonymized,miconic_heldout_0054_376418,miconic,heldout,Qwen/Qwen3-1.7B,anonymized,parsed_actions,False,unknown_invalid,4,4,1.0,0.0,0.0,1.0,0.002989457920193672
pilot_miconic,miconic_heldout_0054_376418_compact,miconic_heldout_0054_376418,miconic,heldout,Qwen/Qwen3-1.7B,compact,parsed_actions,False,unknown_invalid,5,4,1.25,0.0,0.0,1.0,0.002981375204399228
pilot_transport,transport_heldout_0037_911528_standard,transport_heldout_0037_911528,transport,heldout,Qwen/Qwen3-1.7B,standard,parsed_actions,False,unknown_invalid,19,15,1.2666666666666666,1.0,1.0,1.0,0.003533083014190197
pilot_miconic,miconic_heldout_0055_888663_standard,miconic_heldout_0055_888663,miconic,heldout,Qwen/Qwen3-1.7B,standard,parsed_actions,True,valid,3,3,1.0,3.0,,1.0,0.0031010829843580723
pilot_miconic,miconic_heldout_0055_888663_anonymized,miconic_heldout_0055_888663,miconic,heldout,Qwen/Qwen3-1.7B,anonymized,parsed_actions,True,valid,3,3,1.0,3.0,,1.0,0.0027029591146856546
pilot_miconic,miconic_heldout_0055_888663_compact,miconic_heldout_0055_888663,miconic,heldout,Qwen/Qwen3-1.7B,compact,parsed_actions,True,valid,3,3,1.0,3.0,,1.0,0.0030155000276863575
pilot_miconic,miconic_heldout_0056_360664_standard,miconic_heldout_0056_360664,miconic,heldout,Qwen/Qwen3-1.7B,standard,parsed_actions,False,unknown_invalid,7,7,1.0,4.0,4.0,1.0,0.0028699589893221855
pilot_miconic,miconic_heldout_0056_360664_anonymized,miconic_heldout_0056_360664,miconic,heldout,Qwen/Qwen3-1.7B,anonymized,parsed_actions,False,unknown_invalid,7,7,1.0,4.0,4.0,1.0,0.0026698748115450144
pilot_miconic,miconic_heldout_0056_360664_compact,miconic_heldout_0056_360664,miconic,heldout,Qwen/Qwen3-1.7B,compact,parsed_actions,False,unknown_invalid,6,7,0.8571428571428571,3.0,3.0,1.0,0.002745250007137656
pilot_miconic,miconic_heldout_0057_633053_standard,miconic_heldout_0057_633053,miconic,heldout,Qwen/Qwen3-1.7B,standard,parsed_actions,True,valid,3,3,1.0,3.0,,1.0,0.0031364168971776962
pilot_miconic,miconic_heldout_0057_633053_anonymized,miconic_heldout_0057_633053,miconic,heldout,Qwen/Qwen3-1.7B,anonymized,parsed_actions,True,valid,3,3,1.0,3.0,,1.0,0.002999125048518181
pilot_miconic,miconic_heldout_0057_633053_compact,miconic_heldout_0057_633053,miconic,heldout,Qwen/Qwen3-1.7B,compact,parsed_actions,True,valid,3,3,1.0,3.0,,1.0,0.002893083030357957
pilot_miconic,miconic_heldout_0058_277371_standard,miconic_heldout_0058_277371,miconic,heldout,Qwen/Qwen3-1.7B,standard,parsed_actions,False,unknown_invalid,4,4,1.0,0.0,0.0,1.0,0.0030278328340500593
pilot_miconic,miconic_heldout_0058_277371_anonymized,miconic_heldout_0058_277371,miconic,heldout,Qwen/Qwen3-1.7B,anonymized,parsed_actions,False,unknown_invalid,4,4,1.0,0.0,0.0,1.0,0.0029296670109033585
pilot_miconic,miconic_heldout_0058_277371_compact,miconic_heldout_0058_277371,miconic,heldout,Qwen/Qwen3-1.7B,compact,parsed_actions,False,unknown_invalid,5,4,1.25,0.0,0.0,1.0,0.00288824993185699
pilot_transport,transport_heldout_0037_911528_anonymized,transport_heldout_0037_911528,transport,heldout,Qwen/Qwen3-1.7B,anonymized,parsed_actions,False,unknown_invalid,21,15,1.4,1.0,1.0,1.0,0.0029999169055372477
pilot_miconic,miconic_heldout_0059_846336_standard,miconic_heldout_0059_846336,miconic,heldout,Qwen/Qwen3-1.7B,standard,parsed_actions,False,unknown_invalid,6,6,1.0,0.0,0.0,1.0,0.003066499950364232
pilot_miconic,miconic_heldout_0059_846336_anonymized,miconic_heldout_0059_846336,miconic,heldout,Qwen/Qwen3-1.7B,anonymized,parsed_actions,False,unknown_invalid,6,6,1.0,0.0,0.0,1.0,0.0029952500481158495
pilot_miconic,miconic_heldout_0059_846336_compact,miconic_heldout_0059_846336,miconic,heldout,Qwen/Qwen3-1.7B,compact,parsed_actions,False,unknown_invalid,6,6,1.0,0.0,0.0,1.0,0.0027854591608047485
pilot_miconic,miconic_heldout_0060_45562_standard,miconic_heldout_0060_45562,miconic,heldout,Qwen/Qwen3-1.7B,standard,parsed_actions,False,unknown_invalid,9,7,1.2857142857142858,0.0,0.0,1.0,0.0031658338848501444
pilot_miconic,miconic_heldout_0060_45562_anonymized,miconic_heldout_0060_45562,miconic,heldout,Qwen/Qwen3-1.7B,anonymized,parsed_actions,False,unknown_invalid,7,7,1.0,0.0,0.0,1.0,0.0026844998355954885
pilot_miconic,miconic_heldout_0060_45562_compact,miconic_heldout_0060_45562,miconic,heldout,Qwen/Qwen3-1.7B,compact,parsed_actions,False,unknown_invalid,7,7,1.0,0.0,0.0,1.0,0.0028255421202629805
pilot_satellite,satellite_heldout_0006_234054_compact,satellite_heldout_0006_234054,satellite,heldout,Qwen/Qwen3-1.7B,compact,parsed_actions,False,validator_crash,224,18,12.444444444444445,2.0,2.0,1.0,0.011584291001781821
pilot_transport,transport_heldout_0037_911528_compact,transport_heldout_0037_911528,transport,heldout,Qwen/Qwen3-1.7B,compact,parsed_actions,False,unknown_invalid,19,15,1.2666666666666666,1.0,1.0,1.0,0.003747332841157913
pilot_miconic,miconic_heldout_0061_765180_standard,miconic_heldout_0061_765180,miconic,heldout,Qwen/Qwen3-1.7B,standard,parsed_actions,False,unknown_invalid,11,4,2.75,0.0,0.0,1.0,0.0031702499836683273
pilot_miconic,miconic_heldout_0061_765180_anonymized,miconic_heldout_0061_765180,miconic,heldout,Qwen/Qwen3-1.7B,anonymized,parsed_actions,False,unknown_invalid,11,4,2.75,0.0,0.0,1.0,0.0029878749046474695
pilot_miconic,miconic_heldout_0061_765180_compact,miconic_heldout_0061_765180,miconic,heldout,Qwen/Qwen3-1.7B,compact,parsed_actions,False,unknown_invalid,6,4,1.5,0.0,0.0,1.0,0.00280366581864655
pilot_miconic,miconic_heldout_0062_481742_standard,miconic_heldout_0062_481742,miconic,heldout,Qwen/Qwen3-1.7B,standard,parsed_actions,False,unknown_invalid,4,4,1.0,0.0,0.0,1.0,0.003012040862813592
pilot_transport,transport_heldout_0038_6815_standard,transport_heldout_0038_6815,transport,heldout,Qwen/Qwen3-1.7B,standard,parsed_actions,False,unknown_invalid,9,10,0.9,2.0,2.0,1.0,0.0036150000523775816
pilot_miconic,miconic_heldout_0062_481742_anonymized,miconic_heldout_0062_481742,miconic,heldout,Qwen/Qwen3-1.7B,anonymized,parsed_actions,False,unknown_invalid,4,4,1.0,0.0,0.0,1.0,0.00396737502887845
pilot_satellite,satellite_heldout_0007_146317_standard,satellite_heldout_0007_146317,satellite,heldout,Qwen/Qwen3-1.7B,standard,parsed_actions,False,unknown_invalid,20,13,1.5384615384615385,2.0,2.0,1.0,0.003400249872356653
pilot_miconic,miconic_heldout_0062_481742_compact,miconic_heldout_0062_481742,miconic,heldout,Qwen/Qwen3-1.7B,compact,parsed_actions,False,unknown_invalid,4,4,1.0,0.0,0.0,1.0,0.003452083095908165
pilot_miconic,miconic_heldout_0063_562276_standard,miconic_heldout_0063_562276,miconic,heldout,Qwen/Qwen3-1.7B,standard,parsed_actions,False,unknown_invalid,7,6,1.1666666666666667,0.0,0.0,1.0,0.0034202500246465206
pilot_miconic,miconic_heldout_0063_562276_anonymized,miconic_heldout_0063_562276,miconic,heldout,Qwen/Qwen3-1.7B,anonymized,parsed_actions,False,unknown_invalid,8,6,1.3333333333333333,0.0,0.0,1.0,0.003037417074665427
pilot_transport,transport_heldout_0038_6815_anonymized,transport_heldout_0038_6815,transport,heldout,Qwen/Qwen3-1.7B,anonymized,parsed_actions,False,unknown_invalid,9,10,0.9,2.0,2.0,1.0,0.003065291093662381
pilot_miconic,miconic_heldout_0063_562276_compact,miconic_heldout_0063_562276,miconic,heldout,Qwen/Qwen3-1.7B,compact,parsed_actions,False,unknown_invalid,7,6,1.1666666666666667,0.0,0.0,1.0,0.0027726248372346163
pilot_miconic,miconic_heldout_0064_130890_standard,miconic_heldout_0064_130890,miconic,heldout,Qwen/Qwen3-1.7B,standard,parsed_actions,False,unknown_invalid,3,4,0.75,0.0,0.0,1.0,0.0031062918715178967
pilot_miconic,miconic_heldout_0064_130890_anonymized,miconic_heldout_0064_130890,miconic,heldout,Qwen/Qwen3-1.7B,anonymized,parsed_actions,False,unknown_invalid,3,4,0.75,0.0,0.0,1.0,0.003087082877755165
pilot_miconic,miconic_heldout_0064_130890_compact,miconic_heldout_0064_130890,miconic,heldout,Qwen/Qwen3-1.7B,compact,parsed_actions,False,unknown_invalid,3,4,0.75,0.0,0.0,1.0,0.002871875185519457
pilot_miconic,miconic_heldout_0065_967097_standard,miconic_heldout_0065_967097,miconic,heldout,Qwen/Qwen3-1.7B,standard,parsed_actions,False,unknown_invalid,6,6,1.0,0.0,0.0,1.0,0.0030394168570637703
pilot_transport,transport_heldout_0038_6815_compact,transport_heldout_0038_6815,transport,heldout,Qwen/Qwen3-1.7B,compact,parsed_actions,False,unknown_invalid,9,10,0.9,2.0,2.0,1.0,0.0030958340503275394
pilot_miconic,miconic_heldout_0065_967097_anonymized,miconic_heldout_0065_967097,miconic,heldout,Qwen/Qwen3-1.7B,anonymized,parsed_actions,False,unknown_invalid,6,6,1.0,0.0,0.0,1.0,0.0029147921595722437
pilot_miconic,miconic_heldout_0065_967097_compact,miconic_heldout_0065_967097,miconic,heldout,Qwen/Qwen3-1.7B,compact,parsed_actions,False,unknown_invalid,6,6,1.0,0.0,0.0,1.0,0.002781999995931983
pilot_satellite,satellite_heldout_0007_146317_anonymized,satellite_heldout_0007_146317,satellite,heldout,Qwen/Qwen3-1.7B,anonymized,parsed_actions,False,unknown_invalid,35,13,2.6923076923076925,2.0,2.0,1.0,0.0029582499992102385
pilot_transport,transport_heldout_0039_795668_standard,transport_heldout_0039_795668,transport,heldout,Qwen/Qwen3-1.7B,standard,parsed_actions,False,unknown_invalid,4,3,1.3333333333333333,1.0,1.0,1.0,0.003404000075533986
pilot_miconic,miconic_heldout_0066_396923_standard,miconic_heldout_0066_396923,miconic,heldout,Qwen/Qwen3-1.7B,standard,parsed_actions,False,unknown_invalid,10,8,1.25,4.0,4.0,1.0,0.003203375032171607
pilot_sokoban,sokoban_heldout_0004_288390_compact,sokoban_heldout_0004_288390,sokoban,heldout,Qwen/Qwen3-1.7B,compact,parsed_actions,False,unknown_invalid,157,64,2.453125,0.0,0.0,1.0,0.003437291830778122
pilot_miconic,miconic_heldout_0066_396923_anonymized,miconic_heldout_0066_396923,miconic,heldout,Qwen/Qwen3-1.7B,anonymized,parsed_actions,False,unknown_invalid,12,8,1.5,4.0,4.0,1.0,0.003031875006854534
pilot_satellite,satellite_heldout_0007_146317_compact,satellite_heldout_0007_146317,satellite,heldout,Qwen/Qwen3-1.7B,compact,parsed_actions,False,unknown_invalid,14,13,1.0769230769230769,2.0,2.0,1.0,0.0029864171519875526
pilot_transport,transport_heldout_0039_795668_anonymized,transport_heldout_0039_795668,transport,heldout,Qwen/Qwen3-1.7B,anonymized,parsed_actions,False,unknown_invalid,9,3,3.0,8.0,8.0,1.0,0.0029816660098731518
pilot_miconic,miconic_heldout_0066_396923_compact,miconic_heldout_0066_396923,miconic,heldout,Qwen/Qwen3-1.7B,compact,parsed_actions,False,unknown_invalid,12,8,1.5,4.0,4.0,1.0,0.00282037490978837
pilot_transport,transport_heldout_0039_795668_compact,transport_heldout_0039_795668,transport,heldout,Qwen/Qwen3-1.7B,compact,parsed_actions,False,unknown_invalid,4,3,1.3333333333333333,1.0,1.0,1.0,0.0029718747828155756
pilot_miconic,miconic_heldout_0067_82628_standard,miconic_heldout_0067_82628,miconic,heldout,Qwen/Qwen3-1.7B,standard,parsed_actions,False,unknown_invalid,9,8,1.125,0.0,0.0,1.0,0.003035166999325156
pilot_miconic,miconic_heldout_0067_82628_anonymized,miconic_heldout_0067_82628,miconic,heldout,Qwen/Qwen3-1.7B,anonymized,parsed_actions,False,unknown_invalid,9,8,1.125,0.0,0.0,1.0,0.003067249897867441
pilot_miconic,miconic_heldout_0067_82628_compact,miconic_heldout_0067_82628,miconic,heldout,Qwen/Qwen3-1.7B,compact,parsed_actions,False,unknown_invalid,9,8,1.125,0.0,0.0,1.0,0.002907457994297147
pilot_transport,transport_heldout_0040_844963_standard,transport_heldout_0040_844963,transport,heldout,Qwen/Qwen3-1.7B,standard,parsed_actions,False,unknown_invalid,8,6,1.3333333333333333,1.0,1.0,1.0,0.003221499966457486
pilot_satellite,satellite_heldout_0008_772247_standard,satellite_heldout_0008_772247,satellite,heldout,Qwen/Qwen3-1.7B,standard,parsed_actions,False,unknown_invalid,23,17,1.3529411764705883,2.0,2.0,1.0,0.0029895419720560312
pilot_transport,transport_heldout_0040_844963_anonymized,transport_heldout_0040_844963,transport,heldout,Qwen/Qwen3-1.7B,anonymized,parsed_actions,False,unknown_invalid,8,6,1.3333333333333333,2.0,2.0,1.0,0.0031303330324590206
pilot_miconic,miconic_heldout_0068_578857_standard,miconic_heldout_0068_578857,miconic,heldout,Qwen/Qwen3-1.7B,standard,parsed_actions,False,unknown_invalid,24,13,1.8461538461538463,1.0,1.0,1.0,0.0029854171443730593
pilot_transport,transport_heldout_0040_844963_compact,transport_heldout_0040_844963,transport,heldout,Qwen/Qwen3-1.7B,compact,parsed_actions,False,unknown_invalid,4,6,0.6666666666666666,1.0,1.0,1.0,0.003264624858275056
pilot_miconic,miconic_heldout_0068_578857_anonymized,miconic_heldout_0068_578857,miconic,heldout,Qwen/Qwen3-1.7B,anonymized,parsed_actions,False,unknown_invalid,13,13,1.0,1.0,1.0,1.0,0.002897166181355715
pilot_satellite,satellite_heldout_0008_772247_anonymized,satellite_heldout_0008_772247,satellite,heldout,Qwen/Qwen3-1.7B,anonymized,parsed_actions,False,unknown_invalid,23,17,1.3529411764705883,2.0,2.0,1.0,0.003183583961799741
pilot_transport,transport_heldout_0041_167415_standard,transport_heldout_0041_167415,transport,heldout,Qwen/Qwen3-1.7B,standard,parsed_actions,False,validator_crash,12,16,0.75,1.0,1.0,1.0,0.012014457955956459
pilot_satellite,satellite_heldout_0008_772247_compact,satellite_heldout_0008_772247,satellite,heldout,Qwen/Qwen3-1.7B,compact,parsed_actions,False,unknown_invalid,23,17,1.3529411764705883,2.0,2.0,1.0,0.0038217080291360617
pilot_transport,transport_heldout_0041_167415_anonymized,transport_heldout_0041_167415,transport,heldout,Qwen/Qwen3-1.7B,anonymized,parsed_actions,False,validator_crash,14,16,0.875,1.0,1.0,1.0,0.011310292175039649
pilot_satellite,satellite_heldout_0009_107474_standard,satellite_heldout_0009_107474,satellite,heldout,Qwen/Qwen3-1.7B,standard,parsed_actions,False,unknown_invalid,31,13,2.3846153846153846,0.0,0.0,1.0,0.0034970829728990793
pilot_transport,transport_heldout_0041_167415_compact,transport_heldout_0041_167415,transport,heldout,Qwen/Qwen3-1.7B,compact,parsed_actions,False,validator_crash,12,16,0.75,1.0,1.0,1.0,0.010681542102247477
pilot_transport,transport_heldout_0042_732053_standard,transport_heldout_0042_732053,transport,heldout,Qwen/Qwen3-1.7B,standard,parsed_actions,False,validator_crash,12,10,1.2,6.0,6.0,1.0,0.011961082927882671
pilot_transport,transport_heldout_0042_732053_anonymized,transport_heldout_0042_732053,transport,heldout,Qwen/Qwen3-1.7B,anonymized,parsed_actions,False,validator_crash,12,10,1.2,6.0,6.0,1.0,0.013187707867473364
pilot_transport,transport_heldout_0042_732053_compact,transport_heldout_0042_732053,transport,heldout,Qwen/Qwen3-1.7B,compact,parsed_actions,False,unknown_invalid,10,10,1.0,4.0,4.0,1.0,0.0036373750772327185
pilot_transport,transport_heldout_0043_443144_standard,transport_heldout_0043_443144,transport,heldout,Qwen/Qwen3-1.7B,standard,parsed_actions,False,unknown_invalid,8,10,0.8,1.0,1.0,1.0,0.003994958009570837
pilot_transport,transport_heldout_0043_443144_anonymized,transport_heldout_0043_443144,transport,heldout,Qwen/Qwen3-1.7B,anonymized,parsed_actions,False,unknown_invalid,8,10,0.8,1.0,1.0,1.0,0.003107040887698531
pilot_sokoban,sokoban_heldout_0005_256788_standard,sokoban_heldout_0005_256788,sokoban,heldout,Qwen/Qwen3-1.7B,standard,parsed_actions,False,unknown_invalid,158,13,12.153846153846153,1.0,1.0,1.0,0.00321274995803833
pilot_transport,transport_heldout_0043_443144_compact,transport_heldout_0043_443144,transport,heldout,Qwen/Qwen3-1.7B,compact,parsed_actions,False,unknown_invalid,8,10,0.8,1.0,1.0,1.0,0.0037212499883025885
pilot_transport,transport_heldout_0044_356779_standard,transport_heldout_0044_356779,transport,heldout,Qwen/Qwen3-1.7B,standard,parsed_actions,False,unknown_invalid,4,6,0.6666666666666666,0.0,0.0,1.0,0.0034057500306516886
pilot_transport,transport_heldout_0044_356779_anonymized,transport_heldout_0044_356779,transport,heldout,Qwen/Qwen3-1.7B,anonymized,parsed_actions,False,unknown_invalid,4,6,0.6666666666666666,0.0,0.0,1.0,0.0033148329239338636
pilot_transport,transport_heldout_0044_356779_compact,transport_heldout_0044_356779,transport,heldout,Qwen/Qwen3-1.7B,compact,parsed_actions,False,unknown_invalid,4,6,0.6666666666666666,0.0,0.0,1.0,0.0033241251949220896
pilot_miconic,miconic_heldout_0068_578857_compact,miconic_heldout_0068_578857,miconic,heldout,Qwen/Qwen3-1.7B,compact,parsed_actions,False,unknown_invalid,342,13,26.307692307692307,2.0,2.0,1.0,0.003078040899708867
pilot_miconic,miconic_heldout_0069_307420_standard,miconic_heldout_0069_307420,miconic,heldout,Qwen/Qwen3-1.7B,standard,parsed_actions,False,unknown_invalid,8,6,1.3333333333333333,0.0,0.0,1.0,0.003134333062916994
pilot_transport,transport_heldout_0045_291370_standard,transport_heldout_0045_291370,transport,heldout,Qwen/Qwen3-1.7B,standard,parsed_actions,False,unknown_invalid,17,15,1.1333333333333333,2.0,2.0,1.0,0.0033461251296103
pilot_miconic,miconic_heldout_0069_307420_anonymized,miconic_heldout_0069_307420,miconic,heldout,Qwen/Qwen3-1.7B,anonymized,parsed_actions,False,unknown_invalid,6,6,1.0,0.0,0.0,1.0,0.003011415945366025
pilot_miconic,miconic_heldout_0069_307420_compact,miconic_heldout_0069_307420,miconic,heldout,Qwen/Qwen3-1.7B,compact,parsed_actions,False,unknown_invalid,6,6,1.0,0.0,0.0,1.0,0.0029152920469641685
pilot_miconic,miconic_heldout_0070_869694_standard,miconic_heldout_0070_869694,miconic,heldout,Qwen/Qwen3-1.7B,standard,parsed_actions,True,valid,3,3,1.0,3.0,,1.0,0.0033309159334748983
pilot_miconic,miconic_heldout_0070_869694_anonymized,miconic_heldout_0070_869694,miconic,heldout,Qwen/Qwen3-1.7B,anonymized,parsed_actions,True,valid,3,3,1.0,3.0,,1.0,0.0028857921715825796
pilot_miconic,miconic_heldout_0070_869694_compact,miconic_heldout_0070_869694,miconic,heldout,Qwen/Qwen3-1.7B,compact,parsed_actions,True,valid,3,3,1.0,3.0,,1.0,0.002854082966223359
pilot_miconic,miconic_heldout_0071_659177_standard,miconic_heldout_0071_659177,miconic,heldout,Qwen/Qwen3-1.7B,standard,parsed_actions,False,unknown_invalid,18,10,1.8,0.0,0.0,1.0,0.0030551250092685223
pilot_miconic,miconic_heldout_0071_659177_anonymized,miconic_heldout_0071_659177,miconic,heldout,Qwen/Qwen3-1.7B,anonymized,parsed_actions,False,unknown_invalid,14,10,1.4,0.0,0.0,1.0,0.0029088750015944242
pilot_transport,transport_heldout_0045_291370_anonymized,transport_heldout_0045_291370,transport,heldout,Qwen/Qwen3-1.7B,anonymized,parsed_actions,False,unknown_invalid,21,15,1.4,1.0,1.0,1.0,0.003226500004529953
pilot_miconic,miconic_heldout_0071_659177_compact,miconic_heldout_0071_659177,miconic,heldout,Qwen/Qwen3-1.7B,compact,parsed_actions,False,unknown_invalid,15,10,1.5,0.0,0.0,1.0,0.0028729590121656656
pilot_miconic,miconic_heldout_0072_648565_standard,miconic_heldout_0072_648565,miconic,heldout,Qwen/Qwen3-1.7B,standard,parsed_actions,False,unknown_invalid,7,10,0.7,0.0,0.0,1.0,0.0029226660262793303
pilot_miconic,miconic_heldout_0072_648565_anonymized,miconic_heldout_0072_648565,miconic,heldout,Qwen/Qwen3-1.7B,anonymized,parsed_actions,False,unknown_invalid,10,10,1.0,0.0,0.0,1.0,0.0028176249470561743
pilot_satellite,satellite_heldout_0009_107474_anonymized,satellite_heldout_0009_107474,satellite,heldout,Qwen/Qwen3-1.7B,anonymized,parsed_actions,False,validator_crash,228,13,17.53846153846154,0.0,0.0,1.0,0.010608499869704247
pilot_miconic,miconic_heldout_0072_648565_compact,miconic_heldout_0072_648565,miconic,heldout,Qwen/Qwen3-1.7B,compact,parsed_actions,False,unknown_invalid,7,10,0.7,0.0,0.0,1.0,0.0032262918539345264
pilot_miconic,miconic_heldout_0073_928464_standard,miconic_heldout_0073_928464,miconic,heldout,Qwen/Qwen3-1.7B,standard,parsed_actions,False,unknown_invalid,9,9,1.0,0.0,0.0,1.0,0.002975041978061199
pilot_transport,transport_heldout_0045_291370_compact,transport_heldout_0045_291370,transport,heldout,Qwen/Qwen3-1.7B,compact,parsed_actions,False,unknown_invalid,20,15,1.3333333333333333,2.0,2.0,1.0,0.003489915980026126
pilot_transport,transport_heldout_0046_163033_standard,transport_heldout_0046_163033,transport,heldout,Qwen/Qwen3-1.7B,standard,parsed_actions,False,unknown_invalid,16,7,2.2857142857142856,1.0,1.0,1.0,0.003347707912325859
pilot_sokoban,sokoban_heldout_0005_256788_anonymized,sokoban_heldout_0005_256788,sokoban,heldout,Qwen/Qwen3-1.7B,anonymized,parsed_actions,False,unknown_invalid,156,13,12.0,1.0,1.0,1.0,0.0031039579771459103
pilot_miconic,miconic_heldout_0073_928464_anonymized,miconic_heldout_0073_928464,miconic,heldout,Qwen/Qwen3-1.7B,anonymized,parsed_actions,False,validator_crash,342,9,38.0,0.0,0.0,1.0,0.011082707904279232
pilot_satellite,satellite_heldout_0009_107474_compact,satellite_heldout_0009_107474,satellite,heldout,Qwen/Qwen3-1.7B,compact,parsed_actions,False,unknown_invalid,185,13,14.23076923076923,0.0,0.0,1.0,0.004339500097557902
pilot_miconic,miconic_heldout_0073_928464_compact,miconic_heldout_0073_928464,miconic,heldout,Qwen/Qwen3-1.7B,compact,parsed_actions,False,unknown_invalid,21,9,2.3333333333333335,0.0,0.0,1.0,0.0031955831218510866
pilot_satellite,satellite_heldout_0010_709571_standard,satellite_heldout_0010_709571,satellite,heldout,Qwen/Qwen3-1.7B,standard,parsed_actions,False,unknown_invalid,15,18,0.8333333333333334,2.0,2.0,1.0,0.0030261659994721413
pilot_miconic,miconic_heldout_0074_903566_standard,miconic_heldout_0074_903566,miconic,heldout,Qwen/Qwen3-1.7B,standard,parsed_actions,False,unknown_invalid,15,4,3.75,0.0,0.0,1.0,0.003150666132569313
pilot_miconic,miconic_heldout_0074_903566_anonymized,miconic_heldout_0074_903566,miconic,heldout,Qwen/Qwen3-1.7B,anonymized,parsed_actions,False,unknown_invalid,15,4,3.75,0.0,0.0,1.0,0.003283417085185647
pilot_satellite,satellite_heldout_0010_709571_anonymized,satellite_heldout_0010_709571,satellite,heldout,Qwen/Qwen3-1.7B,anonymized,parsed_actions,False,unknown_invalid,15,18,0.8333333333333334,2.0,2.0,1.0,0.002890500007197261
pilot_miconic,miconic_heldout_0074_903566_compact,miconic_heldout_0074_903566,miconic,heldout,Qwen/Qwen3-1.7B,compact,parsed_actions,False,unknown_invalid,12,4,3.0,1.0,1.0,1.0,0.002876624930649996
pilot_miconic,miconic_heldout_0075_379202_standard,miconic_heldout_0075_379202,miconic,heldout,Qwen/Qwen3-1.7B,standard,parsed_actions,True,valid,3,3,1.0,3.0,,1.0,0.0031998748891055584
pilot_transport,transport_heldout_0046_163033_anonymized,transport_heldout_0046_163033,transport,heldout,Qwen/Qwen3-1.7B,anonymized,parsed_actions,False,validator_crash,136,7,19.428571428571427,1.0,1.0,1.0,0.011438958114013076
pilot_miconic,miconic_heldout_0075_379202_anonymized,miconic_heldout_0075_379202,miconic,heldout,Qwen/Qwen3-1.7B,anonymized,parsed_actions,True,valid,3,3,1.0,3.0,,1.0,0.0031905409414321184
pilot_miconic,miconic_heldout_0075_379202_compact,miconic_heldout_0075_379202,miconic,heldout,Qwen/Qwen3-1.7B,compact,parsed_actions,True,valid,3,3,1.0,3.0,,1.0,0.003096250118687749
pilot_satellite,satellite_heldout_0010_709571_compact,satellite_heldout_0010_709571,satellite,heldout,Qwen/Qwen3-1.7B,compact,parsed_actions,False,unknown_invalid,16,18,0.8888888888888888,2.0,2.0,1.0,0.002949124900624156
pilot_miconic,miconic_heldout_0076_605398_standard,miconic_heldout_0076_605398,miconic,heldout,Qwen/Qwen3-1.7B,standard,parsed_actions,False,unknown_invalid,21,15,1.4,0.0,0.0,1.0,0.0031406248454004526
pilot_transport,transport_heldout_0046_163033_compact,transport_heldout_0046_163033,transport,heldout,Qwen/Qwen3-1.7B,compact,parsed_actions,False,unknown_invalid,10,7,1.4285714285714286,1.0,1.0,1.0,0.003318167058750987
pilot_transport,transport_heldout_0047_225773_standard,transport_heldout_0047_225773,transport,heldout,Qwen/Qwen3-1.7B,standard,parsed_actions,False,unknown_invalid,4,7,0.5714285714285714,0.0,0.0,1.0,0.0032262499444186687
pilot_miconic,miconic_heldout_0076_605398_anonymized,miconic_heldout_0076_605398,miconic,heldout,Qwen/Qwen3-1.7B,anonymized,parsed_actions,False,unknown_invalid,17,15,1.1333333333333333,0.0,0.0,1.0,0.002925792010501027
pilot_transport,transport_heldout_0047_225773_anonymized,transport_heldout_0047_225773,transport,heldout,Qwen/Qwen3-1.7B,anonymized,parsed_actions,False,unknown_invalid,4,7,0.5714285714285714,0.0,0.0,1.0,0.0029757919255644083
pilot_miconic,miconic_heldout_0076_605398_compact,miconic_heldout_0076_605398,miconic,heldout,Qwen/Qwen3-1.7B,compact,parsed_actions,False,unknown_invalid,20,15,1.3333333333333333,1.0,1.0,1.0,0.0029327908996492624
pilot_transport,transport_heldout_0047_225773_compact,transport_heldout_0047_225773,transport,heldout,Qwen/Qwen3-1.7B,compact,parsed_actions,False,unknown_invalid,4,7,0.5714285714285714,0.0,0.0,1.0,0.0032697911374270916
pilot_miconic,miconic_heldout_0077_201630_standard,miconic_heldout_0077_201630,miconic,heldout,Qwen/Qwen3-1.7B,standard,parsed_actions,False,unknown_invalid,10,7,1.4285714285714286,0.0,0.0,1.0,0.003091624937951565
pilot_miconic,miconic_heldout_0077_201630_anonymized,miconic_heldout_0077_201630,miconic,heldout,Qwen/Qwen3-1.7B,anonymized,parsed_actions,False,unknown_invalid,8,7,1.1428571428571428,0.0,0.0,1.0,0.0031611670274287462
pilot_miconic,miconic_heldout_0077_201630_compact,miconic_heldout_0077_201630,miconic,heldout,Qwen/Qwen3-1.7B,compact,parsed_actions,False,unknown_invalid,10,7,1.4285714285714286,0.0,0.0,1.0,0.003091042162850499
pilot_miconic,miconic_heldout_0078_738798_standard,miconic_heldout_0078_738798,miconic,heldout,Qwen/Qwen3-1.7B,standard,parsed_actions,False,unknown_invalid,7,7,1.0,0.0,0.0,1.0,0.0031962080392986536
pilot_sokoban,sokoban_heldout_0005_256788_compact,sokoban_heldout_0005_256788,sokoban,heldout,Qwen/Qwen3-1.7B,compact,parsed_actions,False,unknown_invalid,155,13,11.923076923076923,1.0,1.0,1.0,0.003281167009845376
pilot_transport,transport_heldout_0048_800582_standard,transport_heldout_0048_800582,transport,heldout,Qwen/Qwen3-1.7B,standard,parsed_actions,False,unknown_invalid,14,14,1.0,1.0,1.0,1.0,0.003619707887992263
pilot_miconic,miconic_heldout_0078_738798_anonymized,miconic_heldout_0078_738798,miconic,heldout,Qwen/Qwen3-1.7B,anonymized,parsed_actions,False,unknown_invalid,7,7,1.0,0.0,0.0,1.0,0.0030110829975456
pilot_miconic,miconic_heldout_0078_738798_compact,miconic_heldout_0078_738798,miconic,heldout,Qwen/Qwen3-1.7B,compact,parsed_actions,False,unknown_invalid,7,7,1.0,0.0,0.0,1.0,0.0027547921054065228
pilot_miconic,miconic_heldout_0079_72934_standard,miconic_heldout_0079_72934,miconic,heldout,Qwen/Qwen3-1.7B,standard,parsed_actions,False,unknown_invalid,3,5,0.6,0.0,0.0,1.0,0.0029646670445799828
pilot_miconic,miconic_heldout_0079_72934_anonymized,miconic_heldout_0079_72934,miconic,heldout,Qwen/Qwen3-1.7B,anonymized,parsed_actions,False,unknown_invalid,3,5,0.6,0.0,0.0,1.0,0.002811540849506855
pilot_miconic,miconic_heldout_0079_72934_compact,miconic_heldout_0079_72934,miconic,heldout,Qwen/Qwen3-1.7B,compact,parsed_actions,False,unknown_invalid,3,5,0.6,0.0,0.0,1.0,0.002828791970387101
pilot_miconic,miconic_heldout_0080_48051_standard,miconic_heldout_0080_48051,miconic,heldout,Qwen/Qwen3-1.7B,standard,parsed_actions,False,unknown_invalid,8,6,1.3333333333333333,0.0,0.0,1.0,0.0030169589444994926
pilot_miconic,miconic_heldout_0080_48051_anonymized,miconic_heldout_0080_48051,miconic,heldout,Qwen/Qwen3-1.7B,anonymized,parsed_actions,False,unknown_invalid,8,6,1.3333333333333333,0.0,0.0,1.0,0.0027110420633107424
pilot_miconic,miconic_heldout_0080_48051_compact,miconic_heldout_0080_48051,miconic,heldout,Qwen/Qwen3-1.7B,compact,parsed_actions,False,unknown_invalid,8,6,1.3333333333333333,0.0,0.0,1.0,0.0029107918962836266
pilot_transport,transport_heldout_0048_800582_anonymized,transport_heldout_0048_800582,transport,heldout,Qwen/Qwen3-1.7B,anonymized,parsed_actions,False,unknown_invalid,17,14,1.2142857142857142,6.0,6.0,1.0,0.0030040841083973646
pilot_miconic,miconic_heldout_0081_693385_standard,miconic_heldout_0081_693385,miconic,heldout,Qwen/Qwen3-1.7B,standard,parsed_actions,False,unknown_invalid,13,14,0.9285714285714286,0.0,0.0,1.0,0.00326324999332428
pilot_miconic,miconic_heldout_0081_693385_anonymized,miconic_heldout_0081_693385,miconic,heldout,Qwen/Qwen3-1.7B,anonymized,parsed_actions,False,unknown_invalid,14,14,1.0,0.0,0.0,1.0,0.002911666873842478
pilot_miconic,miconic_heldout_0081_693385_compact,miconic_heldout_0081_693385,miconic,heldout,Qwen/Qwen3-1.7B,compact,parsed_actions,False,unknown_invalid,15,14,1.0714285714285714,0.0,0.0,1.0,0.002760375151410699
pilot_transport,transport_heldout_0048_800582_compact,transport_heldout_0048_800582,transport,heldout,Qwen/Qwen3-1.7B,compact,parsed_actions,False,unknown_invalid,14,14,1.0,1.0,1.0,1.0,0.0029370419215410948
pilot_miconic,miconic_heldout_0082_238969_standard,miconic_heldout_0082_238969,miconic,heldout,Qwen/Qwen3-1.7B,standard,parsed_actions,False,unknown_invalid,6,7,0.8571428571428571,0.0,0.0,1.0,0.0031442500185221434
pilot_miconic,miconic_heldout_0082_238969_anonymized,miconic_heldout_0082_238969,miconic,heldout,Qwen/Qwen3-1.7B,anonymized,parsed_actions,False,unknown_invalid,6,7,0.8571428571428571,0.0,0.0,1.0,0.0030700829811394215
pilot_miconic,miconic_heldout_0082_238969_compact,miconic_heldout_0082_238969,miconic,heldout,Qwen/Qwen3-1.7B,compact,parsed_actions,False,unknown_invalid,6,7,0.8571428571428571,0.0,0.0,1.0,0.002815833082422614
pilot_miconic,miconic_heldout_0083_810621_standard,miconic_heldout_0083_810621,miconic,heldout,Qwen/Qwen3-1.7B,standard,parsed_actions,False,unknown_invalid,19,11,1.7272727272727273,0.0,0.0,1.0,0.0030720410868525505
pilot_transport,transport_heldout_0049_352945_standard,transport_heldout_0049_352945,transport,heldout,Qwen/Qwen3-1.7B,standard,parsed_actions,False,unknown_invalid,17,12,1.4166666666666667,6.0,6.0,1.0,0.0033344579860568047
pilot_miconic,miconic_heldout_0083_810621_anonymized,miconic_heldout_0083_810621,miconic,heldout,Qwen/Qwen3-1.7B,anonymized,parsed_actions,False,unknown_invalid,16,11,1.4545454545454546,0.0,0.0,1.0,0.0030585001222789288
pilot_miconic,miconic_heldout_0083_810621_compact,miconic_heldout_0083_810621,miconic,heldout,Qwen/Qwen3-1.7B,compact,parsed_actions,False,unknown_invalid,13,11,1.1818181818181819,0.0,0.0,1.0,0.003195500001311302
pilot_miconic,miconic_heldout_0084_303446_standard,miconic_heldout_0084_303446,miconic,heldout,Qwen/Qwen3-1.7B,standard,parsed_actions,True,valid,3,3,1.0,3.0,,1.0,0.0032019580248743296
pilot_miconic,miconic_heldout_0084_303446_anonymized,miconic_heldout_0084_303446,miconic,heldout,Qwen/Qwen3-1.7B,anonymized,parsed_actions,True,valid,3,3,1.0,3.0,,1.0,0.00297633302398026
pilot_miconic,miconic_heldout_0084_303446_compact,miconic_heldout_0084_303446,miconic,heldout,Qwen/Qwen3-1.7B,compact,parsed_actions,True,valid,3,3,1.0,3.0,,1.0,0.0031566668767482042
pilot_miconic,miconic_heldout_0085_83668_standard,miconic_heldout_0085_83668,miconic,heldout,Qwen/Qwen3-1.7B,standard,parsed_actions,False,unknown_invalid,14,13,1.0769230769230769,0.0,0.0,1.0,0.003386416006833315
pilot_transport,transport_heldout_0049_352945_anonymized,transport_heldout_0049_352945,transport,heldout,Qwen/Qwen3-1.7B,anonymized,parsed_actions,False,unknown_invalid,21,12,1.75,6.0,6.0,1.0,0.003206375055015087
pilot_miconic,miconic_heldout_0085_83668_anonymized,miconic_heldout_0085_83668,miconic,heldout,Qwen/Qwen3-1.7B,anonymized,parsed_actions,False,unknown_invalid,14,13,1.0769230769230769,0.0,0.0,1.0,0.002981125144287944
pilot_miconic,miconic_heldout_0085_83668_compact,miconic_heldout_0085_83668,miconic,heldout,Qwen/Qwen3-1.7B,compact,parsed_actions,False,unknown_invalid,14,13,1.0769230769230769,0.0,0.0,1.0,0.0029188329353928566
pilot_miconic,miconic_heldout_0086_896866_standard,miconic_heldout_0086_896866,miconic,heldout,Qwen/Qwen3-1.7B,standard,parsed_actions,False,unknown_invalid,15,15,1.0,0.0,0.0,1.0,0.003176500089466572
pilot_miconic,miconic_heldout_0086_896866_anonymized,miconic_heldout_0086_896866,miconic,heldout,Qwen/Qwen3-1.7B,anonymized,parsed_actions,False,unknown_invalid,13,15,0.8666666666666667,0.0,0.0,1.0,0.0030242078937590122
pilot_transport,transport_heldout_0049_352945_compact,transport_heldout_0049_352945,transport,heldout,Qwen/Qwen3-1.7B,compact,parsed_actions,False,unknown_invalid,15,12,1.25,6.0,6.0,1.0,0.002966624917462468
pilot_miconic,miconic_heldout_0086_896866_compact,miconic_heldout_0086_896866,miconic,heldout,Qwen/Qwen3-1.7B,compact,parsed_actions,False,unknown_invalid,12,15,0.8,0.0,0.0,1.0,0.0031223339028656483
pilot_satellite,satellite_heldout_0011_776647_standard,satellite_heldout_0011_776647,satellite,heldout,Qwen/Qwen3-1.7B,standard,parsed_actions,False,unknown_invalid,225,13,17.307692307692307,0.0,0.0,1.0,0.0035738330334424973
pilot_miconic,miconic_heldout_0087_244099_standard,miconic_heldout_0087_244099,miconic,heldout,Qwen/Qwen3-1.7B,standard,parsed_actions,True,valid,3,3,1.0,3.0,,1.0,0.0031652499455958605
pilot_miconic,miconic_heldout_0087_244099_anonymized,miconic_heldout_0087_244099,miconic,heldout,Qwen/Qwen3-1.7B,anonymized,parsed_actions,True,valid,3,3,1.0,3.0,,1.0,0.0031369999051094055
pilot_miconic,miconic_heldout_0087_244099_compact,miconic_heldout_0087_244099,miconic,heldout,Qwen/Qwen3-1.7B,compact,parsed_actions,False,unknown_invalid,7,3,2.3333333333333335,3.0,3.0,1.0,0.0030265839304775
pilot_miconic,miconic_heldout_0088_908574_standard,miconic_heldout_0088_908574,miconic,heldout,Qwen/Qwen3-1.7B,standard,parsed_actions,False,unknown_invalid,7,6,1.1666666666666667,4.0,4.0,1.0,0.00311216595582664
pilot_transport,transport_heldout_0050_107176_standard,transport_heldout_0050_107176,transport,heldout,Qwen/Qwen3-1.7B,standard,parsed_actions,False,unknown_invalid,13,10,1.3,2.0,2.0,1.0,0.0031555001623928547
pilot_miconic,miconic_heldout_0088_908574_anonymized,miconic_heldout_0088_908574,miconic,heldout,Qwen/Qwen3-1.7B,anonymized,parsed_actions,False,unknown_invalid,7,6,1.1666666666666667,4.0,4.0,1.0,0.002697792137041688
pilot_miconic,miconic_heldout_0088_908574_compact,miconic_heldout_0088_908574,miconic,heldout,Qwen/Qwen3-1.7B,compact,parsed_actions,False,unknown_invalid,7,6,1.1666666666666667,4.0,4.0,1.0,0.0030806248541921377
pilot_miconic,miconic_heldout_0089_105908_standard,miconic_heldout_0089_105908,miconic,heldout,Qwen/Qwen3-1.7B,standard,parsed_actions,False,unknown_invalid,6,6,1.0,0.0,0.0,1.0,0.0030735419131815434
pilot_miconic,miconic_heldout_0089_105908_anonymized,miconic_heldout_0089_105908,miconic,heldout,Qwen/Qwen3-1.7B,anonymized,parsed_actions,False,unknown_invalid,6,6,1.0,0.0,0.0,1.0,0.00296512502245605
pilot_transport,transport_heldout_0050_107176_anonymized,transport_heldout_0050_107176,transport,heldout,Qwen/Qwen3-1.7B,anonymized,parsed_actions,False,unknown_invalid,10,10,1.0,3.0,3.0,1.0,0.003425207920372486
pilot_miconic,miconic_heldout_0089_105908_compact,miconic_heldout_0089_105908,miconic,heldout,Qwen/Qwen3-1.7B,compact,parsed_actions,False,unknown_invalid,6,6,1.0,0.0,0.0,1.0,0.002743624849244952
pilot_miconic,miconic_heldout_0090_398592_standard,miconic_heldout_0090_398592,miconic,heldout,Qwen/Qwen3-1.7B,standard,parsed_actions,True,valid,3,3,1.0,3.0,,1.0,0.0027840000111609697
pilot_miconic,miconic_heldout_0090_398592_anonymized,miconic_heldout_0090_398592,miconic,heldout,Qwen/Qwen3-1.7B,anonymized,parsed_actions,True,valid,3,3,1.0,3.0,,1.0,0.002750165993347764
pilot_miconic,miconic_heldout_0090_398592_compact,miconic_heldout_0090_398592,miconic,heldout,Qwen/Qwen3-1.7B,compact,parsed_actions,True,valid,3,3,1.0,3.0,,1.0,0.0029262499883770943
pilot_miconic,miconic_heldout_0091_291477_standard,miconic_heldout_0091_291477,miconic,heldout,Qwen/Qwen3-1.7B,standard,parsed_actions,False,unknown_invalid,3,4,0.75,0.0,0.0,1.0,0.002885041991248727
pilot_miconic,miconic_heldout_0091_291477_anonymized,miconic_heldout_0091_291477,miconic,heldout,Qwen/Qwen3-1.7B,anonymized,parsed_actions,False,unknown_invalid,3,4,0.75,0.0,0.0,1.0,0.0028385422192513943
pilot_miconic,miconic_heldout_0091_291477_compact,miconic_heldout_0091_291477,miconic,heldout,Qwen/Qwen3-1.7B,compact,parsed_actions,False,unknown_invalid,3,4,0.75,0.0,0.0,1.0,0.002808790886774659
pilot_transport,transport_heldout_0050_107176_compact,transport_heldout_0050_107176,transport,heldout,Qwen/Qwen3-1.7B,compact,parsed_actions,False,unknown_invalid,10,10,1.0,2.0,2.0,1.0,0.0032662921585142612
pilot_miconic,miconic_heldout_0092_475436_standard,miconic_heldout_0092_475436,miconic,heldout,Qwen/Qwen3-1.7B,standard,parsed_actions,False,unknown_invalid,6,8,0.75,0.0,0.0,1.0,0.0028587908018380404
pilot_miconic,miconic_heldout_0092_475436_anonymized,miconic_heldout_0092_475436,miconic,heldout,Qwen/Qwen3-1.7B,anonymized,parsed_actions,False,unknown_invalid,6,8,0.75,0.0,0.0,1.0,0.003264708910137415
pilot_sokoban,sokoban_heldout_0006_234054_standard,sokoban_heldout_0006_234054,sokoban,heldout,Qwen/Qwen3-1.7B,standard,parsed_actions,False,unknown_invalid,155,30,5.166666666666667,0.0,0.0,1.0,0.0032076670322567225
pilot_miconic,miconic_heldout_0092_475436_compact,miconic_heldout_0092_475436,miconic,heldout,Qwen/Qwen3-1.7B,compact,parsed_actions,False,unknown_invalid,6,8,0.75,0.0,0.0,1.0,0.0032645410392433405
pilot_miconic,miconic_heldout_0093_666564_standard,miconic_heldout_0093_666564,miconic,heldout,Qwen/Qwen3-1.7B,standard,parsed_actions,False,unknown_invalid,6,7,0.8571428571428571,0.0,0.0,1.0,0.003167124930769205
pilot_miconic,miconic_heldout_0093_666564_anonymized,miconic_heldout_0093_666564,miconic,heldout,Qwen/Qwen3-1.7B,anonymized,parsed_actions,False,unknown_invalid,6,7,0.8571428571428571,0.0,0.0,1.0,0.003178415820002556
pilot_miconic,miconic_heldout_0093_666564_compact,miconic_heldout_0093_666564,miconic,heldout,Qwen/Qwen3-1.7B,compact,parsed_actions,False,unknown_invalid,6,7,0.8571428571428571,0.0,0.0,1.0,0.0032162910792976618
pilot_transport,transport_heldout_0051_97252_standard,transport_heldout_0051_97252,transport,heldout,Qwen/Qwen3-1.7B,standard,parsed_actions,False,unknown_invalid,13,13,1.0,2.0,2.0,1.0,0.003309749998152256
pilot_miconic,miconic_heldout_0094_874629_standard,miconic_heldout_0094_874629,miconic,heldout,Qwen/Qwen3-1.7B,standard,parsed_actions,False,unknown_invalid,9,10,0.9,0.0,0.0,1.0,0.003304457990452647
pilot_miconic,miconic_heldout_0094_874629_anonymized,miconic_heldout_0094_874629,miconic,heldout,Qwen/Qwen3-1.7B,anonymized,parsed_actions,False,unknown_invalid,24,10,2.4,0.0,0.0,1.0,0.003111250000074506
pilot_transport,transport_heldout_0051_97252_anonymized,transport_heldout_0051_97252,transport,heldout,Qwen/Qwen3-1.7B,anonymized,parsed_actions,False,unknown_invalid,13,13,1.0,2.0,2.0,1.0,0.003147207899019122
pilot_miconic,miconic_heldout_0094_874629_compact,miconic_heldout_0094_874629,miconic,heldout,Qwen/Qwen3-1.7B,compact,parsed_actions,False,unknown_invalid,9,10,0.9,0.0,0.0,1.0,0.002995208138599992
pilot_miconic,miconic_heldout_0095_382555_standard,miconic_heldout_0095_382555,miconic,heldout,Qwen/Qwen3-1.7B,standard,parsed_actions,False,unknown_invalid,8,6,1.3333333333333333,0.0,0.0,1.0,0.003135833190754056
pilot_miconic,miconic_heldout_0095_382555_anonymized,miconic_heldout_0095_382555,miconic,heldout,Qwen/Qwen3-1.7B,anonymized,parsed_actions,False,unknown_invalid,8,6,1.3333333333333333,0.0,0.0,1.0,0.0027171249967068434
pilot_miconic,miconic_heldout_0095_382555_compact,miconic_heldout_0095_382555,miconic,heldout,Qwen/Qwen3-1.7B,compact,parsed_actions,False,unknown_invalid,8,6,1.3333333333333333,0.0,0.0,1.0,0.0030057919211685658
pilot_miconic,miconic_heldout_0096_170556_standard,miconic_heldout_0096_170556,miconic,heldout,Qwen/Qwen3-1.7B,standard,parsed_actions,True,valid,3,3,1.0,3.0,,1.0,0.0028649591840803623
pilot_miconic,miconic_heldout_0096_170556_anonymized,miconic_heldout_0096_170556,miconic,heldout,Qwen/Qwen3-1.7B,anonymized,parsed_actions,True,valid,3,3,1.0,3.0,,1.0,0.0029382919892668724
pilot_miconic,miconic_heldout_0096_170556_compact,miconic_heldout_0096_170556,miconic,heldout,Qwen/Qwen3-1.7B,compact,parsed_actions,True,valid,3,3,1.0,3.0,,1.0,0.0031444591004401445
pilot_transport,transport_heldout_0051_97252_compact,transport_heldout_0051_97252,transport,heldout,Qwen/Qwen3-1.7B,compact,parsed_actions,False,unknown_invalid,13,13,1.0,2.0,2.0,1.0,0.0030840421095490456
pilot_miconic,miconic_heldout_0097_388163_standard,miconic_heldout_0097_388163,miconic,heldout,Qwen/Qwen3-1.7B,standard,parsed_actions,False,unknown_invalid,8,7,1.1428571428571428,0.0,0.0,1.0,0.0031537909526377916
pilot_miconic,miconic_heldout_0097_388163_anonymized,miconic_heldout_0097_388163,miconic,heldout,Qwen/Qwen3-1.7B,anonymized,parsed_actions,False,unknown_invalid,17,7,2.4285714285714284,0.0,0.0,1.0,0.0029106668662279844
pilot_transport,transport_heldout_0052_398383_standard,transport_heldout_0052_398383,transport,heldout,Qwen/Qwen3-1.7B,standard,parsed_actions,False,unknown_invalid,8,8,1.0,1.0,1.0,1.0,0.003143582958728075
pilot_miconic,miconic_heldout_0097_388163_compact,miconic_heldout_0097_388163,miconic,heldout,Qwen/Qwen3-1.7B,compact,parsed_actions,False,unknown_invalid,14,7,2.0,0.0,0.0,1.0,0.0031169168651103973
pilot_miconic,miconic_heldout_0098_372529_standard,miconic_heldout_0098_372529,miconic,heldout,Qwen/Qwen3-1.7B,standard,parsed_actions,False,unknown_invalid,7,6,1.1666666666666667,0.0,0.0,1.0,0.0031144581735134125
pilot_transport,transport_heldout_0052_398383_anonymized,transport_heldout_0052_398383,transport,heldout,Qwen/Qwen3-1.7B,anonymized,parsed_actions,False,unknown_invalid,9,8,1.125,2.0,2.0,1.0,0.003194832941517234
pilot_miconic,miconic_heldout_0098_372529_anonymized,miconic_heldout_0098_372529,miconic,heldout,Qwen/Qwen3-1.7B,anonymized,parsed_actions,False,unknown_invalid,8,6,1.3333333333333333,0.0,0.0,1.0,0.00304500013589859
pilot_miconic,miconic_heldout_0098_372529_compact,miconic_heldout_0098_372529,miconic,heldout,Qwen/Qwen3-1.7B,compact,parsed_actions,False,unknown_invalid,7,6,1.1666666666666667,0.0,0.0,1.0,0.00284212501719594
pilot_miconic,miconic_heldout_0099_219685_standard,miconic_heldout_0099_219685,miconic,heldout,Qwen/Qwen3-1.7B,standard,parsed_actions,False,unknown_invalid,3,5,0.6,0.0,0.0,1.0,0.003203874919563532
pilot_miconic,miconic_heldout_0099_219685_anonymized,miconic_heldout_0099_219685,miconic,heldout,Qwen/Qwen3-1.7B,anonymized,parsed_actions,False,unknown_invalid,3,5,0.6,0.0,0.0,1.0,0.003023040946573019
pilot_transport,transport_heldout_0052_398383_compact,transport_heldout_0052_398383,transport,heldout,Qwen/Qwen3-1.7B,compact,parsed_actions,False,unknown_invalid,7,8,0.875,2.0,2.0,1.0,0.0028662080876529217
pilot_miconic,miconic_heldout_0099_219685_compact,miconic_heldout_0099_219685,miconic,heldout,Qwen/Qwen3-1.7B,compact,parsed_actions,False,unknown_invalid,3,5,0.6,0.0,0.0,1.0,0.002541624940931797
pilot_transport,transport_heldout_0053_101415_standard,transport_heldout_0053_101415,transport,heldout,Qwen/Qwen3-1.7B,standard,parsed_actions,False,unknown_invalid,9,8,1.125,2.0,2.0,1.0,0.003280667122453451
pilot_transport,transport_heldout_0053_101415_anonymized,transport_heldout_0053_101415,transport,heldout,Qwen/Qwen3-1.7B,anonymized,parsed_actions,False,unknown_invalid,9,8,1.125,2.0,2.0,1.0,0.003188750008121133
pilot_transport,transport_heldout_0053_101415_compact,transport_heldout_0053_101415,transport,heldout,Qwen/Qwen3-1.7B,compact,parsed_actions,False,unknown_invalid,9,8,1.125,2.0,2.0,1.0,0.003163374960422516
pilot_satellite,satellite_heldout_0011_776647_anonymized,satellite_heldout_0011_776647,satellite,heldout,Qwen/Qwen3-1.7B,anonymized,parsed_actions,False,validator_crash,217,13,16.692307692307693,0.0,0.0,1.0,0.010624665999785066
pilot_transport,transport_heldout_0054_376418_standard,transport_heldout_0054_376418,transport,heldout,Qwen/Qwen3-1.7B,standard,parsed_actions,False,validator_crash,10,8,1.25,1.0,1.0,1.0,0.011665250174701214
pilot_satellite,satellite_heldout_0011_776647_compact,satellite_heldout_0011_776647,satellite,heldout,Qwen/Qwen3-1.7B,compact,parsed_actions,False,unknown_invalid,25,13,1.9230769230769231,0.0,0.0,1.0,0.003564459038898349
pilot_transport,transport_heldout_0054_376418_anonymized,transport_heldout_0054_376418,transport,heldout,Qwen/Qwen3-1.7B,anonymized,parsed_actions,False,validator_crash,10,8,1.25,1.0,1.0,1.0,0.011079125106334686
pilot_satellite,satellite_heldout_0012_935519_standard,satellite_heldout_0012_935519,satellite,heldout,Qwen/Qwen3-1.7B,standard,parsed_actions,False,unknown_invalid,14,15,0.9333333333333333,2.0,2.0,1.0,0.0033632919657975435
pilot_satellite,satellite_heldout_0012_935519_anonymized,satellite_heldout_0012_935519,satellite,heldout,Qwen/Qwen3-1.7B,anonymized,parsed_actions,False,unknown_invalid,14,15,0.9333333333333333,2.0,2.0,1.0,0.0035080420784652233
pilot_sokoban,sokoban_heldout_0006_234054_anonymized,sokoban_heldout_0006_234054,sokoban,heldout,Qwen/Qwen3-1.7B,anonymized,parsed_actions,False,unknown_invalid,158,30,5.266666666666667,0.0,0.0,1.0,0.003470832947641611
pilot_satellite,satellite_heldout_0012_935519_compact,satellite_heldout_0012_935519,satellite,heldout,Qwen/Qwen3-1.7B,compact,parsed_actions,False,unknown_invalid,12,15,0.8,2.0,2.0,1.0,0.0030607921071350574
pilot_satellite,satellite_heldout_0013_571859_standard,satellite_heldout_0013_571859,satellite,heldout,Qwen/Qwen3-1.7B,standard,parsed_actions,False,unknown_invalid,19,13,1.4615384615384615,0.0,0.0,1.0,0.0035836249589920044
pilot_satellite,satellite_heldout_0013_571859_anonymized,satellite_heldout_0013_571859,satellite,heldout,Qwen/Qwen3-1.7B,anonymized,parsed_actions,False,unknown_invalid,19,13,1.4615384615384615,0.0,0.0,1.0,0.00324133294634521
pilot_satellite,satellite_heldout_0013_571859_compact,satellite_heldout_0013_571859,satellite,heldout,Qwen/Qwen3-1.7B,compact,parsed_actions,False,unknown_invalid,18,13,1.3846153846153846,0.0,0.0,1.0,0.0031762500293552876
pilot_satellite,satellite_heldout_0014_91162_standard,satellite_heldout_0014_91162,satellite,heldout,Qwen/Qwen3-1.7B,standard,parsed_actions,False,unknown_invalid,13,12,1.0833333333333333,2.0,2.0,1.0,0.003002125071361661
pilot_satellite,satellite_heldout_0014_91162_anonymized,satellite_heldout_0014_91162,satellite,heldout,Qwen/Qwen3-1.7B,anonymized,parsed_actions,False,unknown_invalid,14,12,1.1666666666666667,0.0,0.0,1.0,0.0031712919007986784
pilot_satellite,satellite_heldout_0014_91162_compact,satellite_heldout_0014_91162,satellite,heldout,Qwen/Qwen3-1.7B,compact,parsed_actions,False,unknown_invalid,13,12,1.0833333333333333,0.0,0.0,1.0,0.002751750173047185
pilot_transport,transport_heldout_0054_376418_compact,transport_heldout_0054_376418,transport,heldout,Qwen/Qwen3-1.7B,compact,parsed_actions,False,validator_crash,7,8,0.875,1.0,1.0,1.0,0.010848790872842073
pilot_satellite,satellite_heldout_0015_619177_standard,satellite_heldout_0015_619177,satellite,heldout,Qwen/Qwen3-1.7B,standard,parsed_actions,False,unknown_invalid,18,15,1.2,2.0,2.0,1.0,0.0037594169843941927
pilot_transport,transport_heldout_0055_888663_standard,transport_heldout_0055_888663,transport,heldout,Qwen/Qwen3-1.7B,standard,parsed_actions,False,unknown_invalid,8,8,1.0,1.0,1.0,1.0,0.0034592500887811184
pilot_satellite,satellite_heldout_0015_619177_anonymized,satellite_heldout_0015_619177,satellite,heldout,Qwen/Qwen3-1.7B,anonymized,parsed_actions,False,unknown_invalid,17,15,1.1333333333333333,2.0,2.0,1.0,0.003008957952260971
pilot_transport,transport_heldout_0055_888663_anonymized,transport_heldout_0055_888663,transport,heldout,Qwen/Qwen3-1.7B,anonymized,parsed_actions,False,unknown_invalid,8,8,1.0,1.0,1.0,1.0,0.003332915948703885
pilot_transport,transport_heldout_0055_888663_compact,transport_heldout_0055_888663,transport,heldout,Qwen/Qwen3-1.7B,compact,parsed_actions,False,unknown_invalid,8,8,1.0,1.0,1.0,1.0,0.0031721661798655987
pilot_satellite,satellite_heldout_0015_619177_compact,satellite_heldout_0015_619177,satellite,heldout,Qwen/Qwen3-1.7B,compact,parsed_actions,False,unknown_invalid,24,15,1.6,2.0,2.0,1.0,0.00321574998088181
pilot_transport,transport_heldout_0056_360664_standard,transport_heldout_0056_360664,transport,heldout,Qwen/Qwen3-1.7B,standard,parsed_actions,False,unknown_invalid,14,16,0.875,1.0,1.0,1.0,0.003482332918792963
pilot_transport,transport_heldout_0056_360664_anonymized,transport_heldout_0056_360664,transport,heldout,Qwen/Qwen3-1.7B,anonymized,parsed_actions,False,unknown_invalid,14,16,0.875,1.0,1.0,1.0,0.003387624863535166
pilot_sokoban,sokoban_heldout_0006_234054_compact,sokoban_heldout_0006_234054,sokoban,heldout,Qwen/Qwen3-1.7B,compact,parsed_actions,False,unknown_invalid,156,30,5.2,0.0,0.0,1.0,0.003156334161758423
pilot_transport,transport_heldout_0056_360664_compact,transport_heldout_0056_360664,transport,heldout,Qwen/Qwen3-1.7B,compact,parsed_actions,False,unknown_invalid,13,16,0.8125,1.0,1.0,1.0,0.003205707995221019
pilot_transport,transport_heldout_0057_633053_standard,transport_heldout_0057_633053,transport,heldout,Qwen/Qwen3-1.7B,standard,parsed_actions,False,unknown_invalid,8,9,0.8888888888888888,1.0,1.0,1.0,0.00311450008302927
pilot_transport,transport_heldout_0057_633053_anonymized,transport_heldout_0057_633053,transport,heldout,Qwen/Qwen3-1.7B,anonymized,parsed_actions,False,unknown_invalid,8,9,0.8888888888888888,1.0,1.0,1.0,0.0031617500353604555
pilot_transport,transport_heldout_0057_633053_compact,transport_heldout_0057_633053,transport,heldout,Qwen/Qwen3-1.7B,compact,parsed_actions,False,unknown_invalid,8,9,0.8888888888888888,1.0,1.0,1.0,0.0032162910792976618
pilot_transport,transport_heldout_0058_277371_standard,transport_heldout_0058_277371,transport,heldout,Qwen/Qwen3-1.7B,standard,parsed_actions,False,unknown_invalid,14,8,1.75,1.0,1.0,1.0,0.0032212920486927032
pilot_transport,transport_heldout_0058_277371_anonymized,transport_heldout_0058_277371,transport,heldout,Qwen/Qwen3-1.7B,anonymized,parsed_actions,False,unknown_invalid,16,8,2.0,3.0,3.0,1.0,0.0029408750124275684
pilot_transport,transport_heldout_0058_277371_compact,transport_heldout_0058_277371,transport,heldout,Qwen/Qwen3-1.7B,compact,parsed_actions,False,unknown_invalid,14,8,1.75,1.0,1.0,1.0,0.0030107079073786736
pilot_transport,transport_heldout_0059_846336_standard,transport_heldout_0059_846336,transport,heldout,Qwen/Qwen3-1.7B,standard,parsed_actions,False,unknown_invalid,9,4,2.25,2.0,2.0,1.0,0.004846250172704458
pilot_transport,transport_heldout_0059_846336_anonymized,transport_heldout_0059_846336,transport,heldout,Qwen/Qwen3-1.7B,anonymized,parsed_actions,False,unknown_invalid,9,4,2.25,2.0,2.0,1.0,0.0031519997864961624
pilot_satellite,satellite_heldout_0016_442418_standard,satellite_heldout_0016_442418,satellite,heldout,Qwen/Qwen3-1.7B,standard,parsed_actions,False,unknown_invalid,227,21,10.80952380952381,2.0,2.0,1.0,0.00386029202491045
pilot_transport,transport_heldout_0059_846336_compact,transport_heldout_0059_846336,transport,heldout,Qwen/Qwen3-1.7B,compact,parsed_actions,False,unknown_invalid,10,4,2.5,2.0,2.0,1.0,0.00302708288654685
pilot_sokoban,sokoban_heldout_0007_146317_standard,sokoban_heldout_0007_146317,sokoban,heldout,Qwen/Qwen3-1.7B,standard,parsed_actions,False,unknown_invalid,158,51,3.0980392156862746,0.0,0.0,1.0,0.0034137500915676355
pilot_transport,transport_heldout_0060_45562_standard,transport_heldout_0060_45562,transport,heldout,Qwen/Qwen3-1.7B,standard,parsed_actions,False,validator_crash,22,13,1.6923076923076923,2.0,2.0,1.0,0.011356791947036982
pilot_transport,transport_heldout_0060_45562_anonymized,transport_heldout_0060_45562,transport,heldout,Qwen/Qwen3-1.7B,anonymized,parsed_actions,False,unknown_invalid,20,13,1.5384615384615385,3.0,3.0,1.0,0.00357858301140368
pilot_satellite,satellite_heldout_0016_442418_anonymized,satellite_heldout_0016_442418,satellite,heldout,Qwen/Qwen3-1.7B,anonymized,parsed_actions,False,validator_crash,225,21,10.714285714285714,2.0,2.0,1.0,0.011105458019301295
pilot_transport,transport_heldout_0060_45562_compact,transport_heldout_0060_45562,transport,heldout,Qwen/Qwen3-1.7B,compact,parsed_actions,False,validator_crash,22,13,1.6923076923076923,2.0,2.0,1.0,0.01118633383885026
pilot_sokoban,sokoban_heldout_0007_146317_anonymized,sokoban_heldout_0007_146317,sokoban,heldout,Qwen/Qwen3-1.7B,anonymized,parsed_actions,False,unknown_invalid,158,51,3.0980392156862746,0.0,0.0,1.0,0.004074082942679524
pilot_transport,transport_heldout_0061_765180_standard,transport_heldout_0061_765180,transport,heldout,Qwen/Qwen3-1.7B,standard,parsed_actions,False,unknown_invalid,13,12,1.0833333333333333,1.0,1.0,1.0,0.0035860000643879175
pilot_transport,transport_heldout_0061_765180_anonymized,transport_heldout_0061_765180,transport,heldout,Qwen/Qwen3-1.7B,anonymized,parsed_actions,False,unknown_invalid,14,12,1.1666666666666667,1.0,1.0,1.0,0.003354666056111455
pilot_transport,transport_heldout_0061_765180_compact,transport_heldout_0061_765180,transport,heldout,Qwen/Qwen3-1.7B,compact,parsed_actions,False,unknown_invalid,13,12,1.0833333333333333,1.0,1.0,1.0,0.003123000031337142
pilot_transport,transport_heldout_0062_481742_standard,transport_heldout_0062_481742,transport,heldout,Qwen/Qwen3-1.7B,standard,parsed_actions,False,validator_crash,12,8,1.5,1.0,1.0,1.0,0.01201662514358759
pilot_transport,transport_heldout_0062_481742_anonymized,transport_heldout_0062_481742,transport,heldout,Qwen/Qwen3-1.7B,anonymized,parsed_actions,False,validator_crash,9,8,1.125,1.0,1.0,1.0,0.010840500006452203
pilot_satellite,satellite_heldout_0016_442418_compact,satellite_heldout_0016_442418,satellite,heldout,Qwen/Qwen3-1.7B,compact,parsed_actions,False,unknown_invalid,228,21,10.857142857142858,2.0,2.0,1.0,0.004266249947249889
pilot_sokoban,sokoban_heldout_0007_146317_compact,sokoban_heldout_0007_146317,sokoban,heldout,Qwen/Qwen3-1.7B,compact,parsed_actions,False,unknown_invalid,158,51,3.0980392156862746,0.0,0.0,1.0,0.003483458189293742
pilot_transport,transport_heldout_0062_481742_compact,transport_heldout_0062_481742,transport,heldout,Qwen/Qwen3-1.7B,compact,parsed_actions,False,validator_crash,12,8,1.5,1.0,1.0,1.0,0.011393708875402808
pilot_transport,transport_heldout_0063_562276_standard,transport_heldout_0063_562276,transport,heldout,Qwen/Qwen3-1.7B,standard,parsed_actions,False,unknown_invalid,6,8,0.75,1.0,1.0,1.0,0.003788167145103216
pilot_transport,transport_heldout_0063_562276_anonymized,transport_heldout_0063_562276,transport,heldout,Qwen/Qwen3-1.7B,anonymized,parsed_actions,False,unknown_invalid,6,8,0.75,1.0,1.0,1.0,0.003331041894853115
pilot_transport,transport_heldout_0063_562276_compact,transport_heldout_0063_562276,transport,heldout,Qwen/Qwen3-1.7B,compact,parsed_actions,False,unknown_invalid,8,8,1.0,1.0,1.0,1.0,0.0031024999916553497
pilot_transport,transport_heldout_0064_130890_standard,transport_heldout_0064_130890,transport,heldout,Qwen/Qwen3-1.7B,standard,parsed_actions,False,unknown_invalid,12,12,1.0,1.0,1.0,1.0,0.0030525000765919685
pilot_transport,transport_heldout_0064_130890_anonymized,transport_heldout_0064_130890,transport,heldout,Qwen/Qwen3-1.7B,anonymized,parsed_actions,False,unknown_invalid,12,12,1.0,1.0,1.0,1.0,0.0031444591004401445
pilot_transport,transport_heldout_0064_130890_compact,transport_heldout_0064_130890,transport,heldout,Qwen/Qwen3-1.7B,compact,parsed_actions,False,unknown_invalid,12,12,1.0,1.0,1.0,1.0,0.0032509160228073597
pilot_transport,transport_heldout_0065_967097_standard,transport_heldout_0065_967097,transport,heldout,Qwen/Qwen3-1.7B,standard,parsed_actions,False,unknown_invalid,8,4,2.0,1.0,1.0,1.0,0.0032263328321278095
pilot_transport,transport_heldout_0065_967097_anonymized,transport_heldout_0065_967097,transport,heldout,Qwen/Qwen3-1.7B,anonymized,parsed_actions,False,unknown_invalid,9,4,2.25,2.0,2.0,1.0,0.003142458153888583
pilot_satellite,satellite_heldout_0017_33327_standard,satellite_heldout_0017_33327,satellite,heldout,Qwen/Qwen3-1.7B,standard,parsed_actions,False,validator_crash,211,14,15.071428571428571,0.0,0.0,1.0,0.010887375101447105
pilot_transport,transport_heldout_0065_967097_compact,transport_heldout_0065_967097,transport,heldout,Qwen/Qwen3-1.7B,compact,parsed_actions,False,unknown_invalid,5,4,1.25,2.0,2.0,1.0,0.0033373748883605003
pilot_transport,transport_heldout_0066_396923_standard,transport_heldout_0066_396923,transport,heldout,Qwen/Qwen3-1.7B,standard,parsed_actions,False,unknown_invalid,5,7,0.7142857142857143,2.0,2.0,1.0,0.0030462918803095818
pilot_transport,transport_heldout_0066_396923_anonymized,transport_heldout_0066_396923,transport,heldout,Qwen/Qwen3-1.7B,anonymized,parsed_actions,False,unknown_invalid,8,7,1.1428571428571428,2.0,2.0,1.0,0.0027707500848919153
pilot_transport,transport_heldout_0066_396923_compact,transport_heldout_0066_396923,transport,heldout,Qwen/Qwen3-1.7B,compact,parsed_actions,False,unknown_invalid,5,7,0.7142857142857143,2.0,2.0,1.0,0.0034145419485867023
pilot_sokoban,sokoban_heldout_0009_107474_standard,sokoban_heldout_0009_107474,sokoban,heldout,Qwen/Qwen3-1.7B,standard,parsed_actions,False,unknown_invalid,157,52,3.019230769230769,0.0,0.0,1.0,0.003323707962408662
pilot_transport,transport_heldout_0067_82628_standard,transport_heldout_0067_82628,transport,heldout,Qwen/Qwen3-1.7B,standard,parsed_actions,False,unknown_invalid,16,15,1.0666666666666667,1.0,1.0,1.0,0.00350154098123312
pilot_transport,transport_heldout_0067_82628_anonymized,transport_heldout_0067_82628,transport,heldout,Qwen/Qwen3-1.7B,anonymized,parsed_actions,False,unknown_invalid,19,15,1.2666666666666666,4.0,4.0,1.0,0.003244291990995407
pilot_satellite,satellite_heldout_0017_33327_anonymized,satellite_heldout_0017_33327,satellite,heldout,Qwen/Qwen3-1.7B,anonymized,parsed_actions,False,unknown_invalid,214,14,15.285714285714286,0.0,0.0,1.0,0.004011125070974231
pilot_sokoban,sokoban_heldout_0009_107474_anonymized,sokoban_heldout_0009_107474,sokoban,heldout,Qwen/Qwen3-1.7B,anonymized,parsed_actions,False,unknown_invalid,154,52,2.9615384615384617,3.0,3.0,1.0,0.003606750164180994
pilot_transport,transport_heldout_0067_82628_compact,transport_heldout_0067_82628,transport,heldout,Qwen/Qwen3-1.7B,compact,parsed_actions,False,validator_crash,135,15,9.0,4.0,4.0,1.0,0.011389249935746193
pilot_transport,transport_heldout_0068_578857_standard,transport_heldout_0068_578857,transport,heldout,Qwen/Qwen3-1.7B,standard,parsed_actions,False,unknown_invalid,4,6,0.6666666666666666,2.0,2.0,1.0,0.003544334089383483
pilot_transport,transport_heldout_0068_578857_anonymized,transport_heldout_0068_578857,transport,heldout,Qwen/Qwen3-1.7B,anonymized,parsed_actions,False,unknown_invalid,4,6,0.6666666666666666,2.0,2.0,1.0,0.0031922089401632547
pilot_transport,transport_heldout_0068_578857_compact,transport_heldout_0068_578857,transport,heldout,Qwen/Qwen3-1.7B,compact,parsed_actions,False,unknown_invalid,4,6,0.6666666666666666,2.0,2.0,1.0,0.0030090410728007555
pilot_transport,transport_heldout_0069_307420_standard,transport_heldout_0069_307420,transport,heldout,Qwen/Qwen3-1.7B,standard,parsed_actions,False,unknown_invalid,14,11,1.2727272727272727,3.0,3.0,1.0,0.0034540831111371517
pilot_transport,transport_heldout_0069_307420_anonymized,transport_heldout_0069_307420,transport,heldout,Qwen/Qwen3-1.7B,anonymized,parsed_actions,False,unknown_invalid,16,11,1.4545454545454546,5.0,5.0,1.0,0.0031251669861376286
pilot_transport,transport_heldout_0069_307420_compact,transport_heldout_0069_307420,transport,heldout,Qwen/Qwen3-1.7B,compact,parsed_actions,False,unknown_invalid,14,11,1.2727272727272727,3.0,3.0,1.0,0.0032136670779436827
pilot_transport,transport_heldout_0070_869694_standard,transport_heldout_0070_869694,transport,heldout,Qwen/Qwen3-1.7B,standard,parsed_actions,False,unknown_invalid,8,8,1.0,1.0,1.0,1.0,0.0034000419545918703
pilot_satellite,satellite_heldout_0017_33327_compact,satellite_heldout_0017_33327,satellite,heldout,Qwen/Qwen3-1.7B,compact,parsed_actions,False,unknown_invalid,222,14,15.857142857142858,0.0,0.0,1.0,0.00433558295480907
pilot_transport,transport_heldout_0070_869694_anonymized,transport_heldout_0070_869694,transport,heldout,Qwen/Qwen3-1.7B,anonymized,parsed_actions,False,unknown_invalid,8,8,1.0,1.0,1.0,1.0,0.0034542090725153685
pilot_transport,transport_heldout_0070_869694_compact,transport_heldout_0070_869694,transport,heldout,Qwen/Qwen3-1.7B,compact,parsed_actions,False,unknown_invalid,8,8,1.0,1.0,1.0,1.0,0.0031265420839190483
pilot_satellite,satellite_heldout_0018_31245_standard,satellite_heldout_0018_31245,satellite,heldout,Qwen/Qwen3-1.7B,standard,parsed_actions,False,unknown_invalid,31,15,2.066666666666667,2.0,2.0,1.0,0.003123417031019926
pilot_transport,transport_heldout_0071_659177_standard,transport_heldout_0071_659177,transport,heldout,Qwen/Qwen3-1.7B,standard,parsed_actions,False,unknown_invalid,10,7,1.4285714285714286,2.0,2.0,1.0,0.003506292123347521
pilot_sokoban,sokoban_heldout_0009_107474_compact,sokoban_heldout_0009_107474,sokoban,heldout,Qwen/Qwen3-1.7B,compact,parsed_actions,False,unknown_invalid,157,52,3.019230769230769,0.0,0.0,1.0,0.003551041940227151
pilot_transport,transport_heldout_0071_659177_anonymized,transport_heldout_0071_659177,transport,heldout,Qwen/Qwen3-1.7B,anonymized,parsed_actions,False,validator_crash,16,7,2.2857142857142856,2.0,2.0,1.0,0.010826207930222154
pilot_transport,transport_heldout_0071_659177_compact,transport_heldout_0071_659177,transport,heldout,Qwen/Qwen3-1.7B,compact,parsed_actions,False,validator_crash,16,7,2.2857142857142856,2.0,2.0,1.0,0.011391666950657964
pilot_transport,transport_heldout_0072_648565_standard,transport_heldout_0072_648565,transport,heldout,Qwen/Qwen3-1.7B,standard,parsed_actions,False,unknown_invalid,17,11,1.5454545454545454,1.0,1.0,1.0,0.004217125009745359
pilot_transport,transport_heldout_0072_648565_anonymized,transport_heldout_0072_648565,transport,heldout,Qwen/Qwen3-1.7B,anonymized,parsed_actions,False,unknown_invalid,20,11,1.8181818181818181,1.0,1.0,1.0,0.0033372920006513596
pilot_transport,transport_heldout_0072_648565_compact,transport_heldout_0072_648565,transport,heldout,Qwen/Qwen3-1.7B,compact,parsed_actions,False,unknown_invalid,20,11,1.8181818181818181,1.0,1.0,1.0,0.0031175001058727503
pilot_transport,transport_heldout_0073_928464_standard,transport_heldout_0073_928464,transport,heldout,Qwen/Qwen3-1.7B,standard,parsed_actions,False,unknown_invalid,14,14,1.0,2.0,2.0,1.0,0.0034278330858796835
pilot_transport,transport_heldout_0073_928464_anonymized,transport_heldout_0073_928464,transport,heldout,Qwen/Qwen3-1.7B,anonymized,parsed_actions,False,unknown_invalid,14,14,1.0,2.0,2.0,1.0,0.003238250035792589
pilot_satellite,satellite_heldout_0018_31245_anonymized,satellite_heldout_0018_31245,satellite,heldout,Qwen/Qwen3-1.7B,anonymized,parsed_actions,False,validator_crash,234,15,15.6,2.0,2.0,1.0,0.011641750112175941
pilot_sokoban,sokoban_heldout_0011_776647_standard,sokoban_heldout_0011_776647,sokoban,heldout,Qwen/Qwen3-1.7B,standard,parsed_actions,False,unknown_invalid,157,13,12.076923076923077,0.0,0.0,1.0,0.0038232500664889812
pilot_transport,transport_heldout_0073_928464_compact,transport_heldout_0073_928464,transport,heldout,Qwen/Qwen3-1.7B,compact,parsed_actions,False,unknown_invalid,15,14,1.0714285714285714,2.0,2.0,1.0,0.0033710000570863485
pilot_satellite,satellite_heldout_0018_31245_compact,satellite_heldout_0018_31245,satellite,heldout,Qwen/Qwen3-1.7B,compact,parsed_actions,False,unknown_invalid,31,15,2.066666666666667,2.0,2.0,1.0,0.003163208020851016
pilot_transport,transport_heldout_0074_903566_standard,transport_heldout_0074_903566,transport,heldout,Qwen/Qwen3-1.7B,standard,parsed_actions,False,unknown_invalid,12,9,1.3333333333333333,1.0,1.0,1.0,0.003950957907363772
pilot_satellite,satellite_heldout_0019_98247_standard,satellite_heldout_0019_98247,satellite,heldout,Qwen/Qwen3-1.7B,standard,parsed_actions,False,unknown_invalid,17,11,1.5454545454545454,3.0,3.0,1.0,0.003158207982778549
pilot_transport,transport_heldout_0074_903566_anonymized,transport_heldout_0074_903566,transport,heldout,Qwen/Qwen3-1.7B,anonymized,parsed_actions,False,unknown_invalid,12,9,1.3333333333333333,1.0,1.0,1.0,0.00312904198653996
pilot_satellite,satellite_heldout_0019_98247_anonymized,satellite_heldout_0019_98247,satellite,heldout,Qwen/Qwen3-1.7B,anonymized,parsed_actions,False,unknown_invalid,17,11,1.5454545454545454,3.0,3.0,1.0,0.003224749816581607
pilot_transport,transport_heldout_0074_903566_compact,transport_heldout_0074_903566,transport,heldout,Qwen/Qwen3-1.7B,compact,parsed_actions,False,unknown_invalid,12,9,1.3333333333333333,1.0,1.0,1.0,0.0030397921800613403
pilot_transport,transport_heldout_0075_379202_standard,transport_heldout_0075_379202,transport,heldout,Qwen/Qwen3-1.7B,standard,parsed_actions,False,unknown_invalid,4,5,0.8,3.0,3.0,1.0,0.003346750047057867
pilot_satellite,satellite_heldout_0019_98247_compact,satellite_heldout_0019_98247,satellite,heldout,Qwen/Qwen3-1.7B,compact,parsed_actions,False,unknown_invalid,26,11,2.3636363636363638,3.0,3.0,1.0,0.0031757920514792204
pilot_transport,transport_heldout_0075_379202_anonymized,transport_heldout_0075_379202,transport,heldout,Qwen/Qwen3-1.7B,anonymized,parsed_actions,False,unknown_invalid,4,5,0.8,3.0,3.0,1.0,0.0035229590721428394
pilot_transport,transport_heldout_0075_379202_compact,transport_heldout_0075_379202,transport,heldout,Qwen/Qwen3-1.7B,compact,parsed_actions,False,unknown_invalid,4,5,0.8,3.0,3.0,1.0,0.00308495806530118
pilot_satellite,satellite_heldout_0020_229259_standard,satellite_heldout_0020_229259,satellite,heldout,Qwen/Qwen3-1.7B,standard,parsed_actions,False,unknown_invalid,17,11,1.5454545454545454,2.0,2.0,1.0,0.0030933329835534096
pilot_transport,transport_heldout_0076_605398_standard,transport_heldout_0076_605398,transport,heldout,Qwen/Qwen3-1.7B,standard,parsed_actions,False,unknown_invalid,9,6,1.5,2.0,2.0,1.0,0.003366250079125166
pilot_satellite,satellite_heldout_0020_229259_anonymized,satellite_heldout_0020_229259,satellite,heldout,Qwen/Qwen3-1.7B,anonymized,parsed_actions,False,unknown_invalid,20,11,1.8181818181818181,2.0,2.0,1.0,0.003091000020503998
pilot_satellite,satellite_heldout_0020_229259_compact,satellite_heldout_0020_229259,satellite,heldout,Qwen/Qwen3-1.7B,compact,parsed_actions,False,unknown_invalid,14,11,1.2727272727272727,2.0,2.0,1.0,0.0030864160507917404
pilot_transport,transport_heldout_0076_605398_anonymized,transport_heldout_0076_605398,transport,heldout,Qwen/Qwen3-1.7B,anonymized,parsed_actions,False,unknown_invalid,18,6,3.0,2.0,2.0,1.0,0.003245249856263399
pilot_transport,transport_heldout_0076_605398_compact,transport_heldout_0076_605398,transport,heldout,Qwen/Qwen3-1.7B,compact,parsed_actions,False,unknown_invalid,9,6,1.5,2.0,2.0,1.0,0.0031585409305989742
pilot_transport,transport_heldout_0077_201630_standard,transport_heldout_0077_201630,transport,heldout,Qwen/Qwen3-1.7B,standard,parsed_actions,False,unknown_invalid,10,11,0.9090909090909091,0.0,0.0,1.0,0.0032905000261962414
pilot_transport,transport_heldout_0077_201630_anonymized,transport_heldout_0077_201630,transport,heldout,Qwen/Qwen3-1.7B,anonymized,parsed_actions,False,unknown_invalid,14,11,1.2727272727272727,0.0,0.0,1.0,0.002983416896313429
pilot_sokoban,sokoban_heldout_0011_776647_anonymized,sokoban_heldout_0011_776647,sokoban,heldout,Qwen/Qwen3-1.7B,anonymized,parsed_actions,False,unknown_invalid,157,13,12.076923076923077,0.0,0.0,1.0,0.0030696671456098557
pilot_transport,transport_heldout_0077_201630_compact,transport_heldout_0077_201630,transport,heldout,Qwen/Qwen3-1.7B,compact,parsed_actions,False,unknown_invalid,10,11,0.9090909090909091,0.0,0.0,1.0,0.002909958129748702
pilot_transport,transport_heldout_0078_738798_standard,transport_heldout_0078_738798,transport,heldout,Qwen/Qwen3-1.7B,standard,parsed_actions,False,unknown_invalid,14,13,1.0769230769230769,1.0,1.0,1.0,0.003283665981143713
pilot_transport,transport_heldout_0078_738798_anonymized,transport_heldout_0078_738798,transport,heldout,Qwen/Qwen3-1.7B,anonymized,parsed_actions,False,unknown_invalid,20,13,1.5384615384615385,1.0,1.0,1.0,0.0033702091313898563
pilot_transport,transport_heldout_0078_738798_compact,transport_heldout_0078_738798,transport,heldout,Qwen/Qwen3-1.7B,compact,parsed_actions,False,validator_crash,11,13,0.8461538461538461,1.0,1.0,1.0,0.010804041987285018
pilot_transport,transport_heldout_0079_72934_standard,transport_heldout_0079_72934,transport,heldout,Qwen/Qwen3-1.7B,standard,parsed_actions,False,unknown_invalid,19,11,1.7272727272727273,0.0,0.0,1.0,0.003642000025138259
pilot_satellite,satellite_heldout_0021_243963_standard,satellite_heldout_0021_243963,satellite,heldout,Qwen/Qwen3-1.7B,standard,parsed_actions,False,unknown_invalid,198,17,11.647058823529411,2.0,2.0,1.0,0.003658958012238145
pilot_satellite,satellite_heldout_0021_243963_anonymized,satellite_heldout_0021_243963,satellite,heldout,Qwen/Qwen3-1.7B,anonymized,parsed_actions,False,unknown_invalid,23,17,1.3529411764705883,2.0,2.0,1.0,0.003093583043664694
pilot_sokoban,sokoban_heldout_0011_776647_compact,sokoban_heldout_0011_776647,sokoban,heldout,Qwen/Qwen3-1.7B,compact,parsed_actions,False,unknown_invalid,155,13,11.923076923076923,0.0,0.0,1.0,0.0033207498490810394
pilot_transport,transport_heldout_0079_72934_anonymized,transport_heldout_0079_72934,transport,heldout,Qwen/Qwen3-1.7B,anonymized,parsed_actions,False,unknown_invalid,135,11,12.272727272727273,0.0,0.0,1.0,0.003435542108491063
pilot_transport,transport_heldout_0079_72934_compact,transport_heldout_0079_72934,transport,heldout,Qwen/Qwen3-1.7B,compact,parsed_actions,False,unknown_invalid,18,11,1.6363636363636365,0.0,0.0,1.0,0.0031562091317027807
pilot_transport,transport_heldout_0080_48051_standard,transport_heldout_0080_48051,transport,heldout,Qwen/Qwen3-1.7B,standard,parsed_actions,False,unknown_invalid,13,5,2.6,1.0,1.0,1.0,0.0033675001468509436
pilot_transport,transport_heldout_0080_48051_anonymized,transport_heldout_0080_48051,transport,heldout,Qwen/Qwen3-1.7B,anonymized,parsed_actions,False,unknown_invalid,8,5,1.6,2.0,2.0,1.0,0.0033027089666575193
pilot_transport,transport_heldout_0080_48051_compact,transport_heldout_0080_48051,transport,heldout,Qwen/Qwen3-1.7B,compact,parsed_actions,False,unknown_invalid,8,5,1.6,2.0,2.0,1.0,0.003305541118606925
pilot_sokoban,sokoban_heldout_0012_935519_standard,sokoban_heldout_0012_935519,sokoban,heldout,Qwen/Qwen3-1.7B,standard,parsed_actions,False,unknown_invalid,157,52,3.019230769230769,1.0,1.0,1.0,0.0037342500872910023
pilot_transport,transport_heldout_0081_693385_standard,transport_heldout_0081_693385,transport,heldout,Qwen/Qwen3-1.7B,standard,parsed_actions,False,unknown_invalid,10,10,1.0,2.0,2.0,1.0,0.003572500078007579
pilot_transport,transport_heldout_0081_693385_anonymized,transport_heldout_0081_693385,transport,heldout,Qwen/Qwen3-1.7B,anonymized,parsed_actions,False,unknown_invalid,10,10,1.0,2.0,2.0,1.0,0.003503957996144891
pilot_transport,transport_heldout_0081_693385_compact,transport_heldout_0081_693385,transport,heldout,Qwen/Qwen3-1.7B,compact,parsed_actions,False,unknown_invalid,10,10,1.0,2.0,2.0,1.0,0.0036369578447192907
pilot_transport,transport_heldout_0082_238969_standard,transport_heldout_0082_238969,transport,heldout,Qwen/Qwen3-1.7B,standard,parsed_actions,False,unknown_invalid,9,3,3.0,2.0,2.0,1.0,0.0032192079816013575
pilot_transport,transport_heldout_0082_238969_anonymized,transport_heldout_0082_238969,transport,heldout,Qwen/Qwen3-1.7B,anonymized,parsed_actions,False,unknown_invalid,8,3,2.6666666666666665,2.0,2.0,1.0,0.0032334579154849052
pilot_transport,transport_heldout_0082_238969_compact,transport_heldout_0082_238969,transport,heldout,Qwen/Qwen3-1.7B,compact,parsed_actions,False,unknown_invalid,8,3,2.6666666666666665,2.0,2.0,1.0,0.0031405410263687372
pilot_satellite,satellite_heldout_0021_243963_compact,satellite_heldout_0021_243963,satellite,heldout,Qwen/Qwen3-1.7B,compact,parsed_actions,False,validator_crash,191,17,11.235294117647058,2.0,2.0,1.0,0.011529040988534689
pilot_transport,transport_heldout_0083_810621_standard,transport_heldout_0083_810621,transport,heldout,Qwen/Qwen3-1.7B,standard,parsed_actions,False,unknown_invalid,9,7,1.2857142857142858,3.0,3.0,1.0,0.003903666976839304
pilot_transport,transport_heldout_0083_810621_anonymized,transport_heldout_0083_810621,transport,heldout,Qwen/Qwen3-1.7B,anonymized,parsed_actions,False,unknown_invalid,9,7,1.2857142857142858,3.0,3.0,1.0,0.0033984160982072353
pilot_satellite,satellite_heldout_0022_529904_standard,satellite_heldout_0022_529904,satellite,heldout,Qwen/Qwen3-1.7B,standard,parsed_actions,False,unknown_invalid,27,28,0.9642857142857143,2.0,2.0,1.0,0.003005207981914282
pilot_transport,transport_heldout_0083_810621_compact,transport_heldout_0083_810621,transport,heldout,Qwen/Qwen3-1.7B,compact,parsed_actions,False,unknown_invalid,9,7,1.2857142857142858,3.0,3.0,1.0,0.003088915953412652
pilot_transport,transport_heldout_0084_303446_standard,transport_heldout_0084_303446,transport,heldout,Qwen/Qwen3-1.7B,standard,parsed_actions,False,unknown_invalid,4,5,0.8,1.0,1.0,1.0,0.003069082973524928
pilot_satellite,satellite_heldout_0022_529904_anonymized,satellite_heldout_0022_529904,satellite,heldout,Qwen/Qwen3-1.7B,anonymized,parsed_actions,False,validator_crash,22,28,0.7857142857142857,0.0,0.0,1.0,0.010323415976017714
pilot_transport,transport_heldout_0084_303446_anonymized,transport_heldout_0084_303446,transport,heldout,Qwen/Qwen3-1.7B,anonymized,parsed_actions,False,unknown_invalid,9,5,1.8,1.0,1.0,1.0,0.0038605001755058765
pilot_transport,transport_heldout_0084_303446_compact,transport_heldout_0084_303446,transport,heldout,Qwen/Qwen3-1.7B,compact,parsed_actions,False,unknown_invalid,2,5,0.4,1.0,1.0,1.0,0.0033120408188551664
pilot_satellite,satellite_heldout_0022_529904_compact,satellite_heldout_0022_529904,satellite,heldout,Qwen/Qwen3-1.7B,compact,parsed_actions,False,unknown_invalid,22,28,0.7857142857142857,0.0,0.0,1.0,0.0035863330122083426
pilot_transport,transport_heldout_0085_83668_standard,transport_heldout_0085_83668,transport,heldout,Qwen/Qwen3-1.7B,standard,parsed_actions,False,validator_crash,16,15,1.0666666666666667,3.0,3.0,1.0,0.010875792009755969
pilot_satellite,satellite_heldout_0023_631263_standard,satellite_heldout_0023_631263,satellite,heldout,Qwen/Qwen3-1.7B,standard,parsed_actions,False,unknown_invalid,24,12,2.0,0.0,0.0,1.0,0.003548750188201666
pilot_sokoban,sokoban_heldout_0012_935519_anonymized,sokoban_heldout_0012_935519,sokoban,heldout,Qwen/Qwen3-1.7B,anonymized,parsed_actions,False,unknown_invalid,157,52,3.019230769230769,1.0,1.0,1.0,0.0035658751148730516
pilot_transport,transport_heldout_0085_83668_anonymized,transport_heldout_0085_83668,transport,heldout,Qwen/Qwen3-1.7B,anonymized,parsed_actions,False,unknown_invalid,23,15,1.5333333333333334,3.0,3.0,1.0,0.003514832817018032
pilot_satellite,satellite_heldout_0023_631263_anonymized,satellite_heldout_0023_631263,satellite,heldout,Qwen/Qwen3-1.7B,anonymized,parsed_actions,False,unknown_invalid,22,12,1.8333333333333333,0.0,0.0,1.0,0.003065750002861023
pilot_satellite,satellite_heldout_0023_631263_compact,satellite_heldout_0023_631263,satellite,heldout,Qwen/Qwen3-1.7B,compact,parsed_actions,False,unknown_invalid,14,12,1.1666666666666667,0.0,0.0,1.0,0.002981166820973158
pilot_transport,transport_heldout_0085_83668_compact,transport_heldout_0085_83668,transport,heldout,Qwen/Qwen3-1.7B,compact,parsed_actions,False,unknown_invalid,14,15,0.9333333333333333,2.0,2.0,1.0,0.0032278329599648714
pilot_transport,transport_heldout_0086_896866_standard,transport_heldout_0086_896866,transport,heldout,Qwen/Qwen3-1.7B,standard,parsed_actions,False,unknown_invalid,16,14,1.1428571428571428,2.0,2.0,1.0,0.003578042145818472
pilot_transport,transport_heldout_0086_896866_anonymized,transport_heldout_0086_896866,transport,heldout,Qwen/Qwen3-1.7B,anonymized,parsed_actions,False,unknown_invalid,13,14,0.9285714285714286,4.0,4.0,1.0,0.0036126249469816685
pilot_transport,transport_heldout_0086_896866_compact,transport_heldout_0086_896866,transport,heldout,Qwen/Qwen3-1.7B,compact,parsed_actions,False,unknown_invalid,13,14,0.9285714285714286,6.0,6.0,1.0,0.003416583174839616
pilot_transport,transport_heldout_0087_244099_standard,transport_heldout_0087_244099,transport,heldout,Qwen/Qwen3-1.7B,standard,parsed_actions,False,unknown_invalid,12,13,0.9230769230769231,1.0,1.0,1.0,0.004224415868520737
pilot_transport,transport_heldout_0087_244099_anonymized,transport_heldout_0087_244099,transport,heldout,Qwen/Qwen3-1.7B,anonymized,parsed_actions,False,unknown_invalid,12,13,0.9230769230769231,1.0,1.0,1.0,0.003046124940738082
pilot_transport,transport_heldout_0087_244099_compact,transport_heldout_0087_244099,transport,heldout,Qwen/Qwen3-1.7B,compact,parsed_actions,False,unknown_invalid,12,13,0.9230769230769231,1.0,1.0,1.0,0.003138124942779541
pilot_transport,transport_heldout_0088_908574_standard,transport_heldout_0088_908574,transport,heldout,Qwen/Qwen3-1.7B,standard,parsed_actions,False,unknown_invalid,15,10,1.5,1.0,1.0,1.0,0.003164416877552867
pilot_sokoban,sokoban_heldout_0012_935519_compact,sokoban_heldout_0012_935519,sokoban,heldout,Qwen/Qwen3-1.7B,compact,parsed_actions,False,unknown_invalid,157,52,3.019230769230769,0.0,0.0,1.0,0.003619208000600338
pilot_transport,transport_heldout_0088_908574_anonymized,transport_heldout_0088_908574,transport,heldout,Qwen/Qwen3-1.7B,anonymized,parsed_actions,False,unknown_invalid,13,10,1.3,1.0,1.0,1.0,0.003009374951943755
pilot_satellite,satellite_heldout_0024_27825_standard,satellite_heldout_0024_27825,satellite,heldout,Qwen/Qwen3-1.7B,standard,parsed_actions,False,validator_crash,215,18,11.944444444444445,3.0,3.0,1.0,0.0111045828089118
pilot_transport,transport_heldout_0088_908574_compact,transport_heldout_0088_908574,transport,heldout,Qwen/Qwen3-1.7B,compact,parsed_actions,False,unknown_invalid,11,10,1.1,1.0,1.0,1.0,0.003498208010569215
pilot_transport,transport_heldout_0089_105908_standard,transport_heldout_0089_105908,transport,heldout,Qwen/Qwen3-1.7B,standard,parsed_actions,False,unknown_invalid,7,6,1.1666666666666667,2.0,2.0,1.0,0.0034550419077277184
pilot_transport,transport_heldout_0089_105908_anonymized,transport_heldout_0089_105908,transport,heldout,Qwen/Qwen3-1.7B,anonymized,parsed_actions,False,unknown_invalid,10,6,1.6666666666666667,2.0,2.0,1.0,0.003057833993807435
pilot_transport,transport_heldout_0089_105908_compact,transport_heldout_0089_105908,transport,heldout,Qwen/Qwen3-1.7B,compact,parsed_actions,False,unknown_invalid,5,6,0.8333333333333334,2.0,2.0,1.0,0.003252666909247637
pilot_transport,transport_heldout_0090_398592_standard,transport_heldout_0090_398592,transport,heldout,Qwen/Qwen3-1.7B,standard,parsed_actions,False,unknown_invalid,13,11,1.1818181818181819,1.0,1.0,1.0,0.0031810421496629715
pilot_transport,transport_heldout_0090_398592_anonymized,transport_heldout_0090_398592,transport,heldout,Qwen/Qwen3-1.7B,anonymized,parsed_actions,False,unknown_invalid,13,11,1.1818181818181819,1.0,1.0,1.0,0.0030428748577833176
pilot_transport,transport_heldout_0090_398592_compact,transport_heldout_0090_398592,transport,heldout,Qwen/Qwen3-1.7B,compact,parsed_actions,False,unknown_invalid,12,11,1.0909090909090908,1.0,1.0,1.0,0.0031884158961474895
pilot_transport,transport_heldout_0091_291477_standard,transport_heldout_0091_291477,transport,heldout,Qwen/Qwen3-1.7B,standard,parsed_actions,False,unknown_invalid,14,10,1.4,2.0,2.0,1.0,0.0034523329231888056
pilot_transport,transport_heldout_0091_291477_anonymized,transport_heldout_0091_291477,transport,heldout,Qwen/Qwen3-1.7B,anonymized,parsed_actions,False,unknown_invalid,12,10,1.2,2.0,2.0,1.0,0.00304395891726017
pilot_transport,transport_heldout_0091_291477_compact,transport_heldout_0091_291477,transport,heldout,Qwen/Qwen3-1.7B,compact,parsed_actions,False,unknown_invalid,12,10,1.2,2.0,2.0,1.0,0.0034811249934136868
pilot_sokoban,sokoban_heldout_0013_571859_standard,sokoban_heldout_0013_571859,sokoban,heldout,Qwen/Qwen3-1.7B,standard,parsed_actions,False,unknown_invalid,158,22,7.181818181818182,0.0,0.0,1.0,0.003459000028669834
pilot_transport,transport_heldout_0092_475436_standard,transport_heldout_0092_475436,transport,heldout,Qwen/Qwen3-1.7B,standard,parsed_actions,False,unknown_invalid,15,7,2.142857142857143,2.0,2.0,1.0,0.0032908329740166664
pilot_satellite,satellite_heldout_0024_27825_anonymized,satellite_heldout_0024_27825,satellite,heldout,Qwen/Qwen3-1.7B,anonymized,parsed_actions,False,validator_crash,215,18,11.944444444444445,3.0,3.0,1.0,0.011165499920025468
pilot_transport,transport_heldout_0092_475436_anonymized,transport_heldout_0092_475436,transport,heldout,Qwen/Qwen3-1.7B,anonymized,parsed_actions,False,unknown_invalid,14,7,2.0,2.0,2.0,1.0,0.0034959169570356607
pilot_transport,transport_heldout_0092_475436_compact,transport_heldout_0092_475436,transport,heldout,Qwen/Qwen3-1.7B,compact,parsed_actions,False,unknown_invalid,10,7,1.4285714285714286,2.0,2.0,1.0,0.0032997080124914646
pilot_transport,transport_heldout_0093_666564_standard,transport_heldout_0093_666564,transport,heldout,Qwen/Qwen3-1.7B,standard,parsed_actions,False,unknown_invalid,20,15,1.3333333333333333,2.0,2.0,1.0,0.003430624958127737
pilot_transport,transport_heldout_0093_666564_anonymized,transport_heldout_0093_666564,transport,heldout,Qwen/Qwen3-1.7B,anonymized,parsed_actions,False,unknown_invalid,20,15,1.3333333333333333,2.0,2.0,1.0,0.0033086249604821205
pilot_transport,transport_heldout_0093_666564_compact,transport_heldout_0093_666564,transport,heldout,Qwen/Qwen3-1.7B,compact,parsed_actions,False,unknown_invalid,20,15,1.3333333333333333,2.0,2.0,1.0,0.003409166121855378
pilot_transport,transport_heldout_0094_874629_standard,transport_heldout_0094_874629,transport,heldout,Qwen/Qwen3-1.7B,standard,parsed_actions,False,unknown_invalid,13,6,2.1666666666666665,1.0,1.0,1.0,0.00341329094953835
pilot_transport,transport_heldout_0094_874629_anonymized,transport_heldout_0094_874629,transport,heldout,Qwen/Qwen3-1.7B,anonymized,parsed_actions,False,unknown_invalid,10,6,1.6666666666666667,2.0,2.0,1.0,0.003176207887008786
pilot_transport,transport_heldout_0094_874629_compact,transport_heldout_0094_874629,transport,heldout,Qwen/Qwen3-1.7B,compact,parsed_actions,False,unknown_invalid,10,6,1.6666666666666667,2.0,2.0,1.0,0.003413375001400709
pilot_sokoban,sokoban_heldout_0013_571859_anonymized,sokoban_heldout_0013_571859,sokoban,heldout,Qwen/Qwen3-1.7B,anonymized,parsed_actions,False,unknown_invalid,157,22,7.136363636363637,1.0,1.0,1.0,0.0034385418985038996
pilot_transport,transport_heldout_0095_382555_standard,transport_heldout_0095_382555,transport,heldout,Qwen/Qwen3-1.7B,standard,parsed_actions,False,unknown_invalid,8,4,2.0,2.0,2.0,1.0,0.003419416956603527
pilot_satellite,satellite_heldout_0024_27825_compact,satellite_heldout_0024_27825,satellite,heldout,Qwen/Qwen3-1.7B,compact,parsed_actions,False,unknown_invalid,230,18,12.777777777777779,3.0,3.0,1.0,0.00367462495341897
pilot_transport,transport_heldout_0095_382555_anonymized,transport_heldout_0095_382555,transport,heldout,Qwen/Qwen3-1.7B,anonymized,parsed_actions,False,unknown_invalid,8,4,2.0,2.0,2.0,1.0,0.00363191612996161
pilot_transport,transport_heldout_0095_382555_compact,transport_heldout_0095_382555,transport,heldout,Qwen/Qwen3-1.7B,compact,parsed_actions,False,unknown_invalid,8,4,2.0,2.0,2.0,1.0,0.0034684999845921993
pilot_transport,transport_heldout_0096_170556_standard,transport_heldout_0096_170556,transport,heldout,Qwen/Qwen3-1.7B,standard,parsed_actions,False,unknown_invalid,17,14,1.2142857142857142,1.0,1.0,1.0,0.0032310830429196358
pilot_transport,transport_heldout_0096_170556_anonymized,transport_heldout_0096_170556,transport,heldout,Qwen/Qwen3-1.7B,anonymized,parsed_actions,False,unknown_invalid,17,14,1.2142857142857142,1.0,1.0,1.0,0.0031747499015182257
pilot_transport,transport_heldout_0096_170556_compact,transport_heldout_0096_170556,transport,heldout,Qwen/Qwen3-1.7B,compact,parsed_actions,False,unknown_invalid,13,14,0.9285714285714286,1.0,1.0,1.0,0.0031478749588131905
pilot_transport,transport_heldout_0097_388163_standard,transport_heldout_0097_388163,transport,heldout,Qwen/Qwen3-1.7B,standard,parsed_actions,False,unknown_invalid,22,14,1.5714285714285714,2.0,2.0,1.0,0.0034985418897122145
pilot_sokoban,sokoban_heldout_0013_571859_compact,sokoban_heldout_0013_571859,sokoban,heldout,Qwen/Qwen3-1.7B,compact,parsed_actions,False,unknown_invalid,158,22,7.181818181818182,0.0,0.0,1.0,0.003356833942234516
pilot_transport,transport_heldout_0097_388163_anonymized,transport_heldout_0097_388163,transport,heldout,Qwen/Qwen3-1.7B,anonymized,parsed_actions,False,validator_crash,135,14,9.642857142857142,2.0,2.0,1.0,0.01096833311021328
pilot_sokoban,sokoban_heldout_0015_619177_standard,sokoban_heldout_0015_619177,sokoban,heldout,Qwen/Qwen3-1.7B,standard,parsed_actions,False,unknown_invalid,157,45,3.488888888888889,0.0,0.0,1.0,0.003827915992587805
pilot_transport,transport_heldout_0097_388163_compact,transport_heldout_0097_388163,transport,heldout,Qwen/Qwen3-1.7B,compact,parsed_actions,False,validator_crash,135,14,9.642857142857142,2.0,2.0,1.0,0.011089290957897902
pilot_transport,transport_heldout_0098_372529_standard,transport_heldout_0098_372529,transport,heldout,Qwen/Qwen3-1.7B,standard,parsed_actions,False,unknown_invalid,8,3,2.6666666666666665,1.0,1.0,1.0,0.0033509579952806234
pilot_transport,transport_heldout_0098_372529_anonymized,transport_heldout_0098_372529,transport,heldout,Qwen/Qwen3-1.7B,anonymized,parsed_actions,False,unknown_invalid,8,3,2.6666666666666665,1.0,1.0,1.0,0.0033512499649077654
pilot_transport,transport_heldout_0098_372529_compact,transport_heldout_0098_372529,transport,heldout,Qwen/Qwen3-1.7B,compact,parsed_actions,False,unknown_invalid,4,3,1.3333333333333333,1.0,1.0,1.0,0.0031348750926554203
pilot_transport,transport_heldout_0099_219685_standard,transport_heldout_0099_219685,transport,heldout,Qwen/Qwen3-1.7B,standard,parsed_actions,False,validator_crash,9,10,0.9,1.0,1.0,1.0,0.010920000029727817
pilot_sokoban,sokoban_heldout_0015_619177_anonymized,sokoban_heldout_0015_619177,sokoban,heldout,Qwen/Qwen3-1.7B,anonymized,parsed_actions,False,unknown_invalid,157,45,3.488888888888889,0.0,0.0,1.0,0.0037818748969584703
pilot_transport,transport_heldout_0099_219685_anonymized,transport_heldout_0099_219685,transport,heldout,Qwen/Qwen3-1.7B,anonymized,parsed_actions,False,unknown_invalid,9,10,0.9,1.0,1.0,1.0,0.0037629171274602413
pilot_transport,transport_heldout_0099_219685_compact,transport_heldout_0099_219685,transport,heldout,Qwen/Qwen3-1.7B,compact,parsed_actions,False,unknown_invalid,9,10,0.9,1.0,1.0,1.0,0.0033610831014811993
pilot_sokoban,sokoban_heldout_0015_619177_compact,sokoban_heldout_0015_619177,sokoban,heldout,Qwen/Qwen3-1.7B,compact,parsed_actions,False,unknown_invalid,157,45,3.488888888888889,0.0,0.0,1.0,0.0034469577949494123
pilot_sokoban,sokoban_heldout_0016_442418_standard,sokoban_heldout_0016_442418,sokoban,heldout,Qwen/Qwen3-1.7B,standard,parsed_actions,False,unknown_invalid,157,51,3.0784313725490198,1.0,1.0,1.0,0.0033817500807344913
pilot_sokoban,sokoban_heldout_0016_442418_anonymized,sokoban_heldout_0016_442418,sokoban,heldout,Qwen/Qwen3-1.7B,anonymized,parsed_actions,False,unknown_invalid,157,51,3.0784313725490198,0.0,0.0,1.0,0.003326208097860217
pilot_sokoban,sokoban_heldout_0016_442418_compact,sokoban_heldout_0016_442418,sokoban,heldout,Qwen/Qwen3-1.7B,compact,parsed_actions,False,unknown_invalid,157,51,3.0784313725490198,0.0,0.0,1.0,0.003530916990712285
pilot_sokoban,sokoban_heldout_0017_33327_standard,sokoban_heldout_0017_33327,sokoban,heldout,Qwen/Qwen3-1.7B,standard,parsed_actions,False,unknown_invalid,157,70,2.242857142857143,0.0,0.0,1.0,0.0034374999813735485
pilot_sokoban,sokoban_heldout_0017_33327_anonymized,sokoban_heldout_0017_33327,sokoban,heldout,Qwen/Qwen3-1.7B,anonymized,parsed_actions,False,unknown_invalid,157,70,2.242857142857143,0.0,0.0,1.0,0.0036264590453356504
pilot_sokoban,sokoban_heldout_0017_33327_compact,sokoban_heldout_0017_33327,sokoban,heldout,Qwen/Qwen3-1.7B,compact,parsed_actions,False,unknown_invalid,157,70,2.242857142857143,0.0,0.0,1.0,0.0036413329653441906
pilot_sokoban,sokoban_heldout_0018_31245_standard,sokoban_heldout_0018_31245,sokoban,heldout,Qwen/Qwen3-1.7B,standard,parsed_actions,False,unknown_invalid,158,14,11.285714285714286,0.0,0.0,1.0,0.0034352089278399944
pilot_sokoban,sokoban_heldout_0018_31245_anonymized,sokoban_heldout_0018_31245,sokoban,heldout,Qwen/Qwen3-1.7B,anonymized,parsed_actions,False,unknown_invalid,158,14,11.285714285714286,0.0,0.0,1.0,0.0034862090833485126
pilot_sokoban,sokoban_heldout_0018_31245_compact,sokoban_heldout_0018_31245,sokoban,heldout,Qwen/Qwen3-1.7B,compact,parsed_actions,False,unknown_invalid,158,14,11.285714285714286,0.0,0.0,1.0,0.0032685420010238886
pilot_sokoban,sokoban_heldout_0019_98247_standard,sokoban_heldout_0019_98247,sokoban,heldout,Qwen/Qwen3-1.7B,standard,parsed_actions,False,unknown_invalid,157,33,4.757575757575758,0.0,0.0,1.0,0.003522292012348771
pilot_sokoban,sokoban_heldout_0019_98247_anonymized,sokoban_heldout_0019_98247,sokoban,heldout,Qwen/Qwen3-1.7B,anonymized,parsed_actions,False,unknown_invalid,157,33,4.757575757575758,0.0,0.0,1.0,0.003353040898218751
pilot_sokoban,sokoban_heldout_0019_98247_compact,sokoban_heldout_0019_98247,sokoban,heldout,Qwen/Qwen3-1.7B,compact,parsed_actions,False,unknown_invalid,158,33,4.787878787878788,0.0,0.0,1.0,0.0033992910757660866
pilot_sokoban,sokoban_heldout_0021_243963_standard,sokoban_heldout_0021_243963,sokoban,heldout,Qwen/Qwen3-1.7B,standard,parsed_actions,False,unknown_invalid,157,36,4.361111111111111,1.0,1.0,1.0,0.0035034578759223223
pilot_sokoban,sokoban_heldout_0021_243963_anonymized,sokoban_heldout_0021_243963,sokoban,heldout,Qwen/Qwen3-1.7B,anonymized,parsed_actions,False,unknown_invalid,158,36,4.388888888888889,1.0,1.0,1.0,0.003334541106596589
pilot_sokoban,sokoban_heldout_0021_243963_compact,sokoban_heldout_0021_243963,sokoban,heldout,Qwen/Qwen3-1.7B,compact,parsed_actions,False,unknown_invalid,157,36,4.361111111111111,1.0,1.0,1.0,0.0031310829799622297
pilot_sokoban,sokoban_heldout_0023_631263_standard,sokoban_heldout_0023_631263,sokoban,heldout,Qwen/Qwen3-1.7B,standard,parsed_actions,False,unknown_invalid,158,74,2.135135135135135,0.0,0.0,1.0,0.003609833074733615
pilot_sokoban,sokoban_heldout_0023_631263_anonymized,sokoban_heldout_0023_631263,sokoban,heldout,Qwen/Qwen3-1.7B,anonymized,parsed_actions,False,unknown_invalid,157,74,2.1216216216216215,0.0,0.0,1.0,0.003677041968330741
pilot_sokoban,sokoban_heldout_0023_631263_compact,sokoban_heldout_0023_631263,sokoban,heldout,Qwen/Qwen3-1.7B,compact,parsed_actions,False,unknown_invalid,158,74,2.135135135135135,0.0,0.0,1.0,0.003496041987091303
pilot_sokoban,sokoban_heldout_0024_27825_standard,sokoban_heldout_0024_27825,sokoban,heldout,Qwen/Qwen3-1.7B,standard,parsed_actions,False,unknown_invalid,157,43,3.6511627906976742,0.0,0.0,1.0,0.00372195802628994
pilot_sokoban,sokoban_heldout_0024_27825_anonymized,sokoban_heldout_0024_27825,sokoban,heldout,Qwen/Qwen3-1.7B,anonymized,parsed_actions,False,unknown_invalid,158,43,3.6744186046511627,0.0,0.0,1.0,0.003369166050106287
pilot_sokoban,sokoban_heldout_0024_27825_compact,sokoban_heldout_0024_27825,sokoban,heldout,Qwen/Qwen3-1.7B,compact,parsed_actions,False,unknown_invalid,158,43,3.6744186046511627,0.0,0.0,1.0,0.003212040988728404
0ec46314,blocksworld_train_0000_670488_standard,blocksworld_train_0000_670488,blocksworld,train,Qwen/Qwen3-1.7B,standard,parsed_actions,False,unknown_invalid,24,26,0.9230769230769231,1.0,1.0,1.0,0.0032817500177770853
0ec46314,blocksworld_train_0000_670488_anonymized,blocksworld_train_0000_670488,blocksworld,train,Qwen/Qwen3-1.7B,anonymized,parsed_actions,False,unknown_invalid,24,26,0.9230769230769231,1.0,1.0,1.0,0.002882125088945031
0ec46314,blocksworld_train_0000_670488_compact,blocksworld_train_0000_670488,blocksworld,train,Qwen/Qwen3-1.7B,compact,parsed_actions,False,unknown_invalid,12,26,0.46153846153846156,4.0,4.0,1.0,0.002791249891743064
0ec46314,blocksworld_train_0001_116740_standard,blocksworld_train_0001_116740,blocksworld,train,Qwen/Qwen3-1.7B,standard,parsed_actions,False,unknown_invalid,6,10,0.6,0.0,0.0,1.0,0.0030860411934554577
0ec46314,blocksworld_train_0001_116740_anonymized,blocksworld_train_0001_116740,blocksworld,train,Qwen/Qwen3-1.7B,anonymized,parsed_actions,False,unknown_invalid,6,10,0.6,0.0,0.0,1.0,0.0029928339645266533
0ec46314,blocksworld_train_0001_116740_compact,blocksworld_train_0001_116740,blocksworld,train,Qwen/Qwen3-1.7B,compact,parsed_actions,False,unknown_invalid,3,10,0.3,0.0,0.0,1.0,0.002925666980445385
0ec46314,blocksworld_train_0002_26226_standard,blocksworld_train_0002_26226,blocksworld,train,Qwen/Qwen3-1.7B,standard,parsed_actions,False,unknown_invalid,9,14,0.6428571428571429,0.0,0.0,1.0,0.003247541841119528
0ec46314,blocksworld_train_0002_26226_anonymized,blocksworld_train_0002_26226,blocksworld,train,Qwen/Qwen3-1.7B,anonymized,parsed_actions,False,unknown_invalid,12,14,0.8571428571428571,0.0,0.0,1.0,0.002853292040526867
0ec46314,blocksworld_train_0002_26226_compact,blocksworld_train_0002_26226,blocksworld,train,Qwen/Qwen3-1.7B,compact,parsed_actions,False,unknown_invalid,6,14,0.42857142857142855,0.0,0.0,1.0,0.0029910001903772354
0ec46314,blocksworld_train_0003_777573_standard,blocksworld_train_0003_777573,blocksworld,train,Qwen/Qwen3-1.7B,standard,parsed_actions,False,unknown_invalid,17,18,0.9444444444444444,0.0,0.0,1.0,0.003245333908125758
0ec46314,blocksworld_train_0003_777573_anonymized,blocksworld_train_0003_777573,blocksworld,train,Qwen/Qwen3-1.7B,anonymized,parsed_actions,False,unknown_invalid,17,18,0.9444444444444444,0.0,0.0,1.0,0.0030700420029461384
0ec46314,blocksworld_train_0003_777573_compact,blocksworld_train_0003_777573,blocksworld,train,Qwen/Qwen3-1.7B,compact,parsed_actions,False,unknown_invalid,16,18,0.8888888888888888,0.0,0.0,1.0,0.0029681671876460314
0ec46314,blocksworld_train_0004_288390_standard,blocksworld_train_0004_288390,blocksworld,train,Qwen/Qwen3-1.7B,standard,parsed_actions,False,unknown_invalid,30,38,0.7894736842105263,0.0,0.0,1.0,0.003221999853849411
0ec46314,blocksworld_train_0004_288390_anonymized,blocksworld_train_0004_288390,blocksworld,train,Qwen/Qwen3-1.7B,anonymized,parsed_actions,False,unknown_invalid,30,38,0.7894736842105263,0.0,0.0,1.0,0.0028847078792750835
0ec46314,blocksworld_train_0004_288390_compact,blocksworld_train_0004_288390,blocksworld,train,Qwen/Qwen3-1.7B,compact,parsed_actions,False,unknown_invalid,24,38,0.631578947368421,0.0,0.0,1.0,0.003139208070933819
0ec46314,childsnack_train_0000_670488_standard,childsnack_train_0000_670488,childsnack,train,Qwen/Qwen3-1.7B,standard,parsed_actions,False,unknown_invalid,12,14,0.8571428571428571,0.0,0.0,1.0,0.00360829196870327
0ec46314,childsnack_train_0000_670488_anonymized,childsnack_train_0000_670488,childsnack,train,Qwen/Qwen3-1.7B,anonymized,parsed_actions,False,unknown_invalid,12,14,0.8571428571428571,0.0,0.0,1.0,0.003234999952837825
0ec46314,childsnack_train_0000_670488_compact,childsnack_train_0000_670488,childsnack,train,Qwen/Qwen3-1.7B,compact,parsed_actions,False,unknown_invalid,12,14,0.8571428571428571,0.0,0.0,1.0,0.003220041049644351
0ec46314,childsnack_train_0001_116740_standard,childsnack_train_0001_116740,childsnack,train,Qwen/Qwen3-1.7B,standard,parsed_actions,False,unknown_invalid,12,19,0.631578947368421,0.0,0.0,1.0,0.003612374886870384
0ec46314,childsnack_train_0001_116740_anonymized,childsnack_train_0001_116740,childsnack,train,Qwen/Qwen3-1.7B,anonymized,parsed_actions,False,unknown_invalid,14,19,0.7368421052631579,0.0,0.0,1.0,0.003131458070129156
0ec46314,childsnack_train_0001_116740_compact,childsnack_train_0001_116740,childsnack,train,Qwen/Qwen3-1.7B,compact,parsed_actions,False,unknown_invalid,12,19,0.631578947368421,0.0,0.0,1.0,0.0030746248085051775
0ec46314,childsnack_train_0002_26226_standard,childsnack_train_0002_26226,childsnack,train,Qwen/Qwen3-1.7B,standard,parsed_actions,False,unknown_invalid,18,19,0.9473684210526315,0.0,0.0,1.0,0.0032610830385237932
0ec46314,childsnack_train_0002_26226_anonymized,childsnack_train_0002_26226,childsnack,train,Qwen/Qwen3-1.7B,anonymized,parsed_actions,False,unknown_invalid,14,19,0.7368421052631579,0.0,0.0,1.0,0.0031712499912828207
0ec46314,childsnack_train_0002_26226_compact,childsnack_train_0002_26226,childsnack,train,Qwen/Qwen3-1.7B,compact,parsed_actions,False,unknown_invalid,12,19,0.631578947368421,0.0,0.0,1.0,0.0032055829651653767
0ec46314,childsnack_train_0003_777573_standard,childsnack_train_0003_777573,childsnack,train,Qwen/Qwen3-1.7B,standard,parsed_actions,False,unknown_invalid,12,13,0.9230769230769231,0.0,0.0,1.0,0.0034715000074356794
0ec46314,childsnack_train_0003_777573_anonymized,childsnack_train_0003_777573,childsnack,train,Qwen/Qwen3-1.7B,anonymized,parsed_actions,False,unknown_invalid,9,13,0.6923076923076923,0.0,0.0,1.0,0.003027958795428276
0ec46314,childsnack_train_0003_777573_compact,childsnack_train_0003_777573,childsnack,train,Qwen/Qwen3-1.7B,compact,parsed_actions,False,unknown_invalid,9,13,0.6923076923076923,0.0,0.0,1.0,0.0030664170626550913
0ec46314,childsnack_train_0004_288390_standard,childsnack_train_0004_288390,childsnack,train,Qwen/Qwen3-1.7B,standard,parsed_actions,False,unknown_invalid,12,14,0.8571428571428571,0.0,0.0,1.0,0.00338925002142787
0ec46314,childsnack_train_0004_288390_anonymized,childsnack_train_0004_288390,childsnack,train,Qwen/Qwen3-1.7B,anonymized,parsed_actions,False,unknown_invalid,9,14,0.6428571428571429,0.0,0.0,1.0,0.0033310840371996164
0ec46314,childsnack_train_0004_288390_compact,childsnack_train_0004_288390,childsnack,train,Qwen/Qwen3-1.7B,compact,parsed_actions,False,unknown_invalid,12,14,0.8571428571428571,0.0,0.0,1.0,0.00325187505222857
0ec46314,delivery_train_0000_670488_standard,delivery_train_0000_670488,delivery,train,Qwen/Qwen3-1.7B,standard,non_pddl_text,False,non_pddl_text,0,5,0.0,,,,0.0
0ec46314,delivery_train_0000_670488_anonymized,delivery_train_0000_670488,delivery,train,Qwen/Qwen3-1.7B,anonymized,non_pddl_text,False,non_pddl_text,0,5,0.0,,,,0.0
0ec46314,delivery_train_0000_670488_compact,delivery_train_0000_670488,delivery,train,Qwen/Qwen3-1.7B,compact,non_pddl_text,False,non_pddl_text,0,5,0.0,,,,0.0
0ec46314,delivery_train_0001_116740_standard,delivery_train_0001_116740,delivery,train,Qwen/Qwen3-1.7B,standard,non_pddl_text,False,non_pddl_text,0,3,0.0,,,,0.0
0ec46314,delivery_train_0001_116740_anonymized,delivery_train_0001_116740,delivery,train,Qwen/Qwen3-1.7B,anonymized,non_pddl_text,False,non_pddl_text,0,3,0.0,,,,0.0
0ec46314,delivery_train_0001_116740_compact,delivery_train_0001_116740,delivery,train,Qwen/Qwen3-1.7B,compact,non_pddl_text,False,non_pddl_text,0,3,0.0,,,,0.0
0ec46314,delivery_train_0002_26226_standard,delivery_train_0002_26226,delivery,train,Qwen/Qwen3-1.7B,standard,non_pddl_text,False,non_pddl_text,0,5,0.0,,,,0.0
0ec46314,delivery_train_0002_26226_anonymized,delivery_train_0002_26226,delivery,train,Qwen/Qwen3-1.7B,anonymized,non_pddl_text,False,non_pddl_text,0,5,0.0,,,,0.0
0ec46314,delivery_train_0002_26226_compact,delivery_train_0002_26226,delivery,train,Qwen/Qwen3-1.7B,compact,non_pddl_text,False,non_pddl_text,0,5,0.0,,,,0.0
0ec46314,delivery_train_0003_777573_standard,delivery_train_0003_777573,delivery,train,Qwen/Qwen3-1.7B,standard,non_pddl_text,False,non_pddl_text,0,4,0.0,,,,0.0
0ec46314,delivery_train_0003_777573_anonymized,delivery_train_0003_777573,delivery,train,Qwen/Qwen3-1.7B,anonymized,non_pddl_text,False,non_pddl_text,0,4,0.0,,,,0.0
0ec46314,delivery_train_0003_777573_compact,delivery_train_0003_777573,delivery,train,Qwen/Qwen3-1.7B,compact,non_pddl_text,False,non_pddl_text,0,4,0.0,,,,0.0
0ec46314,delivery_train_0004_288390_standard,delivery_train_0004_288390,delivery,train,Qwen/Qwen3-1.7B,standard,non_pddl_text,False,non_pddl_text,0,4,0.0,,,,0.0
0ec46314,delivery_train_0004_288390_anonymized,delivery_train_0004_288390,delivery,train,Qwen/Qwen3-1.7B,anonymized,non_pddl_text,False,non_pddl_text,0,4,0.0,,,,0.0
0ec46314,delivery_train_0004_288390_compact,delivery_train_0004_288390,delivery,train,Qwen/Qwen3-1.7B,compact,non_pddl_text,False,non_pddl_text,0,4,0.0,,,,0.0
0ec46314,ferry_train_0000_670488_standard,ferry_train_0000_670488,ferry,train,Qwen/Qwen3-1.7B,standard,parsed_actions,False,unknown_invalid,30,4,7.5,0.0,0.0,1.0,0.003501917002722621
0ec46314,ferry_train_0000_670488_anonymized,ferry_train_0000_670488,ferry,train,Qwen/Qwen3-1.7B,anonymized,parsed_actions,False,validator_crash,30,4,7.5,0.0,0.0,0.6666666666666666,0.010932584060356021
0ec46314,ferry_train_0000_670488_compact,ferry_train_0000_670488,ferry,train,Qwen/Qwen3-1.7B,compact,parsed_actions,False,unknown_invalid,9,4,2.25,0.0,0.0,1.0,0.0035867090336978436
0ec46314,ferry_train_0001_116740_standard,ferry_train_0001_116740,ferry,train,Qwen/Qwen3-1.7B,standard,parsed_actions,False,unknown_invalid,11,10,1.1,0.0,0.0,1.0,0.003212499897927046
0ec46314,ferry_train_0001_116740_anonymized,ferry_train_0001_116740,ferry,train,Qwen/Qwen3-1.7B,anonymized,parsed_actions,False,unknown_invalid,14,10,1.4,0.0,0.0,1.0,0.002971665933728218
0ec46314,ferry_train_0001_116740_compact,ferry_train_0001_116740,ferry,train,Qwen/Qwen3-1.7B,compact,parsed_actions,False,unknown_invalid,10,10,1.0,0.0,0.0,1.0,0.002943249884992838
0ec46314,ferry_train_0002_26226_standard,ferry_train_0002_26226,ferry,train,Qwen/Qwen3-1.7B,standard,parsed_actions,False,unknown_invalid,15,16,0.9375,0.0,0.0,1.0,0.0032727080397307873
0ec46314,ferry_train_0002_26226_anonymized,ferry_train_0002_26226,ferry,train,Qwen/Qwen3-1.7B,anonymized,parsed_actions,False,unknown_invalid,15,16,0.9375,0.0,0.0,1.0,0.0028108751866966486
0ec46314,ferry_train_0002_26226_compact,ferry_train_0002_26226,ferry,train,Qwen/Qwen3-1.7B,compact,parsed_actions,False,unknown_invalid,15,16,0.9375,0.0,0.0,1.0,0.00275387498550117
0ec46314,ferry_train_0003_777573_standard,ferry_train_0003_777573,ferry,train,Qwen/Qwen3-1.7B,standard,parsed_actions,False,unknown_invalid,11,4,2.75,0.0,0.0,1.0,0.0033149169757962227
0ec46314,ferry_train_0003_777573_anonymized,ferry_train_0003_777573,ferry,train,Qwen/Qwen3-1.7B,anonymized,parsed_actions,False,unknown_invalid,6,4,1.5,0.0,0.0,1.0,0.0031685419380664825
0ec46314,ferry_train_0003_777573_compact,ferry_train_0003_777573,ferry,train,Qwen/Qwen3-1.7B,compact,parsed_actions,False,unknown_invalid,9,4,2.25,0.0,0.0,1.0,0.003330916864797473
0ec46314,ferry_train_0004_288390_standard,ferry_train_0004_288390,ferry,train,Qwen/Qwen3-1.7B,standard,parsed_actions,False,unknown_invalid,9,10,0.9,0.0,0.0,1.0,0.003240542020648718
0ec46314,ferry_train_0004_288390_anonymized,ferry_train_0004_288390,ferry,train,Qwen/Qwen3-1.7B,anonymized,parsed_actions,False,unknown_invalid,9,10,0.9,0.0,0.0,1.0,0.002912666881456971
0ec46314,ferry_train_0004_288390_compact,ferry_train_0004_288390,ferry,train,Qwen/Qwen3-1.7B,compact,parsed_actions,False,unknown_invalid,9,10,0.9,0.0,0.0,1.0,0.0030092920642346144
0ec46314,floortile_train_0000_670488_standard,floortile_train_0000_670488,floortile,train,Qwen/Qwen3-1.7B,standard,non_pddl_text,False,non_pddl_text,0,12,0.0,,,,0.0
0ec46314,floortile_train_0000_670488_anonymized,floortile_train_0000_670488,floortile,train,Qwen/Qwen3-1.7B,anonymized,non_pddl_text,False,non_pddl_text,0,12,0.0,,,,0.0
0ec46314,floortile_train_0000_670488_compact,floortile_train_0000_670488,floortile,train,Qwen/Qwen3-1.7B,compact,non_pddl_text,False,non_pddl_text,0,12,0.0,,,,0.0
0ec46314,floortile_train_0001_116740_standard,floortile_train_0001_116740,floortile,train,Qwen/Qwen3-1.7B,standard,non_pddl_text,False,non_pddl_text,0,15,0.0,,,,0.0
0ec46314,floortile_train_0001_116740_anonymized,floortile_train_0001_116740,floortile,train,Qwen/Qwen3-1.7B,anonymized,non_pddl_text,False,non_pddl_text,0,15,0.0,,,,0.0
0ec46314,floortile_train_0001_116740_compact,floortile_train_0001_116740,floortile,train,Qwen/Qwen3-1.7B,compact,non_pddl_text,False,non_pddl_text,0,15,0.0,,,,0.0
0ec46314,floortile_train_0002_26226_standard,floortile_train_0002_26226,floortile,train,Qwen/Qwen3-1.7B,standard,non_pddl_text,False,non_pddl_text,0,20,0.0,,,,0.0
0ec46314,floortile_train_0002_26226_anonymized,floortile_train_0002_26226,floortile,train,Qwen/Qwen3-1.7B,anonymized,parsed_actions,False,unknown_invalid,10,20,0.5,0.0,0.0,0.9,0.003375957952812314
0ec46314,floortile_train_0002_26226_compact,floortile_train_0002_26226,floortile,train,Qwen/Qwen3-1.7B,compact,parsed_actions,False,unknown_invalid,158,20,7.9,0.0,0.0,0.0,0.003236166900023818
0ec46314,floortile_train_0003_777573_standard,floortile_train_0003_777573,floortile,train,Qwen/Qwen3-1.7B,standard,non_pddl_text,False,non_pddl_text,0,11,0.0,,,,0.0
0ec46314,floortile_train_0003_777573_anonymized,floortile_train_0003_777573,floortile,train,Qwen/Qwen3-1.7B,anonymized,non_pddl_text,False,non_pddl_text,0,11,0.0,,,,0.0
0ec46314,floortile_train_0003_777573_compact,floortile_train_0003_777573,floortile,train,Qwen/Qwen3-1.7B,compact,non_pddl_text,False,non_pddl_text,0,11,0.0,,,,0.0
0ec46314,floortile_train_0004_288390_standard,floortile_train_0004_288390,floortile,train,Qwen/Qwen3-1.7B,standard,non_pddl_text,False,non_pddl_text,0,11,0.0,,,,0.0
0ec46314,floortile_train_0004_288390_anonymized,floortile_train_0004_288390,floortile,train,Qwen/Qwen3-1.7B,anonymized,non_pddl_text,False,non_pddl_text,0,11,0.0,,,,0.0
0ec46314,floortile_train_0004_288390_compact,floortile_train_0004_288390,floortile,train,Qwen/Qwen3-1.7B,compact,non_pddl_text,False,non_pddl_text,0,11,0.0,,,,0.0
0ec46314,gripper_train_0000_670488_standard,gripper_train_0000_670488,gripper,train,Qwen/Qwen3-1.7B,standard,parsed_actions,False,validator_crash,8,5,1.6,0.0,0.0,1.0,0.01141320914030075
0ec46314,gripper_train_0000_670488_anonymized,gripper_train_0000_670488,gripper,train,Qwen/Qwen3-1.7B,anonymized,parsed_actions,False,validator_crash,8,5,1.6,0.0,0.0,1.0,0.010817334055900574
0ec46314,gripper_train_0000_670488_compact,gripper_train_0000_670488,gripper,train,Qwen/Qwen3-1.7B,compact,parsed_actions,False,validator_crash,8,5,1.6,0.0,0.0,1.0,0.010364624904468656
0ec46314,gripper_train_0001_116740_standard,gripper_train_0001_116740,gripper,train,Qwen/Qwen3-1.7B,standard,parsed_actions,False,validator_crash,10,17,0.5882352941176471,0.0,0.0,1.0,0.01080475002527237
0ec46314,gripper_train_0001_116740_anonymized,gripper_train_0001_116740,gripper,train,Qwen/Qwen3-1.7B,anonymized,parsed_actions,False,validator_crash,10,17,0.5882352941176471,0.0,0.0,1.0,0.011120874900370836
0ec46314,gripper_train_0001_116740_compact,gripper_train_0001_116740,gripper,train,Qwen/Qwen3-1.7B,compact,parsed_actions,False,validator_crash,10,17,0.5882352941176471,0.0,0.0,1.0,0.012065415969118476
0ec46314,gripper_train_0002_26226_standard,gripper_train_0002_26226,gripper,train,Qwen/Qwen3-1.7B,standard,parsed_actions,False,validator_crash,12,21,0.5714285714285714,0.0,0.0,1.0,0.010995875112712383
0ec46314,gripper_train_0002_26226_anonymized,gripper_train_0002_26226,gripper,train,Qwen/Qwen3-1.7B,anonymized,parsed_actions,False,validator_crash,18,21,0.8571428571428571,0.0,0.0,1.0,0.011837665922939777
0ec46314,gripper_train_0002_26226_compact,gripper_train_0002_26226,gripper,train,Qwen/Qwen3-1.7B,compact,parsed_actions,False,validator_crash,12,21,0.5714285714285714,0.0,0.0,1.0,0.010679792147129774
0ec46314,gripper_train_0003_777573_standard,gripper_train_0003_777573,gripper,train,Qwen/Qwen3-1.7B,standard,parsed_actions,False,validator_crash,8,5,1.6,0.0,0.0,1.0,0.011948792031034827
0ec46314,gripper_train_0003_777573_anonymized,gripper_train_0003_777573,gripper,train,Qwen/Qwen3-1.7B,anonymized,parsed_actions,False,validator_crash,8,5,1.6,0.0,0.0,1.0,0.010716707911342382
0ec46314,gripper_train_0003_777573_compact,gripper_train_0003_777573,gripper,train,Qwen/Qwen3-1.7B,compact,parsed_actions,False,validator_crash,8,5,1.6,0.0,0.0,1.0,0.012380542000755668
0ec46314,gripper_train_0004_288390_standard,gripper_train_0004_288390,gripper,train,Qwen/Qwen3-1.7B,standard,parsed_actions,False,validator_crash,10,9,1.1111111111111112,0.0,0.0,1.0,0.01140700001269579
0ec46314,gripper_train_0004_288390_anonymized,gripper_train_0004_288390,gripper,train,Qwen/Qwen3-1.7B,anonymized,parsed_actions,False,validator_crash,10,9,1.1111111111111112,0.0,0.0,1.0,0.011312541086226702
0ec46314,gripper_train_0004_288390_compact,gripper_train_0004_288390,gripper,train,Qwen/Qwen3-1.7B,compact,parsed_actions,False,unknown_invalid,7,9,0.7777777777777778,1.0,1.0,1.0,0.0034604580141603947
0ec46314,rovers_train_0000_670488_standard,rovers_train_0000_670488,rovers,train,Qwen/Qwen3-1.7B,standard,non_pddl_text,False,non_pddl_text,0,4,0.0,,,,0.0
0ec46314,rovers_train_0000_670488_anonymized,rovers_train_0000_670488,rovers,train,Qwen/Qwen3-1.7B,anonymized,non_pddl_text,False,non_pddl_text,0,4,0.0,,,,0.0
0ec46314,rovers_train_0000_670488_compact,rovers_train_0000_670488,rovers,train,Qwen/Qwen3-1.7B,compact,parsed_actions,False,validator_crash,6,4,1.5,0.0,0.0,0.6666666666666666,0.011460874928161502
0ec46314,rovers_train_0001_116740_standard,rovers_train_0001_116740,rovers,train,Qwen/Qwen3-1.7B,standard,non_pddl_text,False,non_pddl_text,0,6,0.0,,,,0.0
0ec46314,rovers_train_0001_116740_anonymized,rovers_train_0001_116740,rovers,train,Qwen/Qwen3-1.7B,anonymized,non_pddl_text,False,non_pddl_text,0,6,0.0,,,,0.0
0ec46314,rovers_train_0001_116740_compact,rovers_train_0001_116740,rovers,train,Qwen/Qwen3-1.7B,compact,parsed_actions,False,unknown_invalid,7,6,1.1666666666666667,0.0,0.0,1.0,0.003795249853283167
0ec46314,rovers_train_0002_26226_standard,rovers_train_0002_26226,rovers,train,Qwen/Qwen3-1.7B,standard,non_pddl_text,False,non_pddl_text,0,16,0.0,,,,0.0
0ec46314,rovers_train_0002_26226_anonymized,rovers_train_0002_26226,rovers,train,Qwen/Qwen3-1.7B,anonymized,non_pddl_text,False,non_pddl_text,0,16,0.0,,,,0.0
0ec46314,rovers_train_0002_26226_compact,rovers_train_0002_26226,rovers,train,Qwen/Qwen3-1.7B,compact,parsed_actions,False,unknown_invalid,18,16,1.125,0.0,0.0,1.0,0.003413416910916567
0ec46314,rovers_train_0003_777573_standard,rovers_train_0003_777573,rovers,train,Qwen/Qwen3-1.7B,standard,non_pddl_text,False,non_pddl_text,0,12,0.0,,,,0.0
0ec46314,rovers_train_0003_777573_anonymized,rovers_train_0003_777573,rovers,train,Qwen/Qwen3-1.7B,anonymized,parsed_actions,False,validator_crash,8,12,0.6666666666666666,0.0,0.0,1.0,0.011235374957323074
0ec46314,rovers_train_0003_777573_compact,rovers_train_0003_777573,rovers,train,Qwen/Qwen3-1.7B,compact,parsed_actions,False,validator_crash,8,12,0.6666666666666666,0.0,0.0,1.0,0.01082545891404152
0ec46314,rovers_train_0004_288390_standard,rovers_train_0004_288390,rovers,train,Qwen/Qwen3-1.7B,standard,non_pddl_text,False,non_pddl_text,0,11,0.0,,,,0.0
0ec46314,rovers_train_0004_288390_anonymized,rovers_train_0004_288390,rovers,train,Qwen/Qwen3-1.7B,anonymized,parsed_actions,False,validator_crash,11,11,1.0,6.0,6.0,1.0,0.012286375043913722
0ec46314,rovers_train_0004_288390_compact,rovers_train_0004_288390,rovers,train,Qwen/Qwen3-1.7B,compact,parsed_actions,False,validator_crash,8,11,0.7272727272727273,3.0,3.0,1.0,0.01238291710615158
0ec46314,spanner_train_0000_670488_standard,spanner_train_0000_670488,spanner,train,Qwen/Qwen3-1.7B,standard,parsed_actions,False,unknown_invalid,3,6,0.5,0.0,0.0,1.0,0.003585666883736849
0ec46314,spanner_train_0000_670488_anonymized,spanner_train_0000_670488,spanner,train,Qwen/Qwen3-1.7B,anonymized,parsed_actions,False,unknown_invalid,6,6,1.0,0.0,0.0,1.0,0.003095499938353896
0ec46314,spanner_train_0000_670488_compact,spanner_train_0000_670488,spanner,train,Qwen/Qwen3-1.7B,compact,parsed_actions,False,unknown_invalid,3,6,0.5,0.0,0.0,1.0,0.0030223329085856676
0ec46314,spanner_train_0001_116740_standard,spanner_train_0001_116740,spanner,train,Qwen/Qwen3-1.7B,standard,parsed_actions,False,unknown_invalid,18,11,1.6363636363636365,0.0,0.0,1.0,0.0037310419138520956
0ec46314,spanner_train_0001_116740_anonymized,spanner_train_0001_116740,spanner,train,Qwen/Qwen3-1.7B,anonymized,parsed_actions,False,unknown_invalid,15,11,1.3636363636363635,0.0,0.0,1.0,0.0032387920655310154
0ec46314,spanner_train_0001_116740_compact,spanner_train_0001_116740,spanner,train,Qwen/Qwen3-1.7B,compact,parsed_actions,False,unknown_invalid,15,11,1.3636363636363635,0.0,0.0,1.0,0.003246875014156103
0ec46314,spanner_train_0002_26226_standard,spanner_train_0002_26226,spanner,train,Qwen/Qwen3-1.7B,standard,parsed_actions,False,unknown_invalid,16,12,1.3333333333333333,0.0,0.0,1.0,0.003537750104442239
0ec46314,spanner_train_0002_26226_anonymized,spanner_train_0002_26226,spanner,train,Qwen/Qwen3-1.7B,anonymized,parsed_actions,False,unknown_invalid,16,12,1.3333333333333333,0.0,0.0,1.0,0.0029871249571442604
0ec46314,spanner_train_0002_26226_compact,spanner_train_0002_26226,spanner,train,Qwen/Qwen3-1.7B,compact,parsed_actions,False,unknown_invalid,23,12,1.9166666666666667,0.0,0.0,1.0,0.003040082985535264
0ec46314,spanner_train_0003_777573_standard,spanner_train_0003_777573,spanner,train,Qwen/Qwen3-1.7B,standard,parsed_actions,False,unknown_invalid,6,7,0.8571428571428571,0.0,0.0,1.0,0.00296512502245605
0ec46314,spanner_train_0003_777573_anonymized,spanner_train_0003_777573,spanner,train,Qwen/Qwen3-1.7B,anonymized,parsed_actions,False,unknown_invalid,6,7,0.8571428571428571,0.0,0.0,1.0,0.0029546250589191914
0ec46314,spanner_train_0003_777573_compact,spanner_train_0003_777573,spanner,train,Qwen/Qwen3-1.7B,compact,parsed_actions,False,unknown_invalid,6,7,0.8571428571428571,0.0,0.0,1.0,0.003000166965648532
0ec46314,spanner_train_0004_288390_standard,spanner_train_0004_288390,spanner,train,Qwen/Qwen3-1.7B,standard,parsed_actions,False,unknown_invalid,9,9,1.0,0.0,0.0,1.0,0.00324887502938509
0ec46314,spanner_train_0004_288390_anonymized,spanner_train_0004_288390,spanner,train,Qwen/Qwen3-1.7B,anonymized,parsed_actions,False,unknown_invalid,12,9,1.3333333333333333,0.0,0.0,1.0,0.0029160829726606607
0ec46314,spanner_train_0004_288390_compact,spanner_train_0004_288390,spanner,train,Qwen/Qwen3-1.7B,compact,parsed_actions,False,unknown_invalid,9,9,1.0,0.0,0.0,1.0,0.0028919170144945383
